﻿<?xml version="1.0" encoding="utf-8"?>
<abapGit version="v1.0.0" serializer="LCL_OBJECT_DTEL" serializer_version="v1.0.0">
 <asx:abap xmlns:asx="http://www.sap.com/abapxml" version="1.0">
  <asx:values>
   <DD04V>
    <ROLLNAME>ZACCT_TYPE</ROLLNAME>
    <DDLANGUAGE>E</DDLANGUAGE>
    <DOMNAME>ZACCT_TYPE</DOMNAME>
    <HEADLEN>12</HEADLEN>
    <SCRLEN1>03</SCRLEN1>
    <SCRLEN2>08</SCRLEN2>
    <SCRLEN3>12</SCRLEN3>
    <DDTEXT>Account Type</DDTEXT>
    <REPTEXT>Account Type</REPTEXT>
    <SCRTEXT_S>Acc</SCRTEXT_S>
    <SCRTEXT_M>Acc Type</SCRTEXT_M>
    <SCRTEXT_L>Account Type</SCRTEXT_L>
    <DTELMASTER>E</DTELMASTER>
    <SHLPNAME>ZFCONS_COATYPE</SHLPNAME>
    <SHLPFIELD>TYPE</SHLPFIELD>
    <REFKIND>D</REFKIND>
   </DD04V>
  </asx:values>
 </asx:abap>
</abapGit>
