﻿<?xml version="1.0" encoding="utf-8"?>
<abapGit version="v1.0.0" serializer="LCL_OBJECT_DTEL" serializer_version="v1.0.0">
 <asx:abap xmlns:asx="http://www.sap.com/abapxml" version="1.0">
  <asx:values>
   <DD04V>
    <ROLLNAME>ZACCODE</ROLLNAME>
    <DDLANGUAGE>E</DDLANGUAGE>
    <DOMNAME>CHAR1</DOMNAME>
    <HEADLEN>12</HEADLEN>
    <SCRLEN1>07</SCRLEN1>
    <SCRLEN2>11</SCRLEN2>
    <SCRLEN3>12</SCRLEN3>
    <DDTEXT>Account Code (Reciprocal, Offseting)</DDTEXT>
    <REPTEXT>Account Code</REPTEXT>
    <SCRTEXT_S>ActCode</SCRTEXT_S>
    <SCRTEXT_M>AccountCode</SCRTEXT_M>
    <SCRTEXT_L>Account Code</SCRTEXT_L>
    <DTELMASTER>E</DTELMASTER>
    <REFKIND>D</REFKIND>
   </DD04V>
  </asx:values>
 </asx:abap>
</abapGit>
