﻿<?xml version="1.0" encoding="utf-8"?>
<abapGit version="v1.0.0" serializer="LCL_OBJECT_ENHO" serializer_version="v1.0.0">
 <asx:abap xmlns:asx="http://www.sap.com/abapxml" version="1.0">
  <asx:values>
   <TOOL>HOOK_IMPL</TOOL>
   <SHORTTEXT>Badi For Reversal Document</SHORTTEXT>
   <ORIGINAL_OBJECT>
    <PGMID>R3TR</PGMID>
    <ORG_OBJ_TYPE>FUGR</ORG_OBJ_TYPE>
    <ORG_OBJ_NAME>MIGO</ORG_OBJ_NAME>
    <ORG_MAIN_TYPE>FUGR</ORG_MAIN_TYPE>
    <ORG_MAIN_NAME>MIGO</ORG_MAIN_NAME>
    <PROGRAMNAME>SAPLMIGO</PROGRAMNAME>
   </ORIGINAL_OBJECT>
   <ENHANCEMENTS>
    <ENH_HOOK_IMPL>
     <PROGRAMNAME>SAPLMIGO</PROGRAMNAME>
     <ENHMODE>D</ENHMODE>
     <FULL_NAME>\PR:SAPLMIGO\EX:GOODS_MOVEMENT_FILL_04\EI</FULL_NAME>
     <SOURCE>
      <item/>
      <item>*add by putra (860107), 20-03-2012 --&gt; commit work because enhancement above does not called</item>
      <item>IF l_tafkz = x.</item>
      <item>COMMIT WORK AND WAIT.</item>
      <item>CALL METHOD reset.</item>
      <item>CALL TRANSACTION &apos;LT06&apos;.</item>
      <item>ELSE.</item>
      <item>COMMIT WORK.</item>
      <item>CALL METHOD reset.</item>
      <item>ENDIF.</item>
      <item>*end add by putra (860107)</item>
      <item/>
      <item>*  break guest02.</item>
      <item/>
      <item>&quot;break : 860107.</item>
      <item/>
      <item>data: im_document       type acc_document,</item>
      <item>item              like line of im_document-item,</item>
      <item>is_error,</item>
      <item>is_error_id       type c LENGTH 10,</item>
      <item>lv_interco_flag,</item>
      <item>ls_lfa1           type lfa1.</item>
      <item/>
      <item/>
      <item>data: lt_zinter001      TYPE TABLE OF zinter001,</item>
      <item>lt_zintr002       type table of zinter002,</item>
      <item>ls_zinter001      type zinter001,</item>
      <item>ls_zinter002      type zinter002,</item>
      <item>ls_zinter003      type zinter003,</item>
      <item>ls_zinter006      type zinter006,</item>
      <item>ls_zinter009      type zinter009,</item>
      <item>lt_bseg           type table of bseg,</item>
      <item>ls_bseg           type bseg,</item>
      <item>lt_items          like im_document-item,</item>
      <item>lv_tabix          type posnr_acc,</item>
      <item>lv_amo_reverse    type bseg-wrbtr,</item>
      <item>lv_total_po_amo   type ekpo-netpr,</item>
      <item>lt_item_amounts   like im_document-item_amounts,</item>
      <item>item_amounts      like line of im_document-item_amounts,</item>
      <item>&quot; bapi import</item>
      <item>ls_documentheader TYPE BAPIACHE09,</item>
      <item>&quot; bapi export</item>
      <item>lv_obj_type       TYPE BAPIACHE09-OBJ_TYPE,</item>
      <item>lv_obj_key        TYPE BAPIACHE09-OBJ_KEY,</item>
      <item>lv_obj_sys        TYPE BAPIACHE09-OBJ_SYS,</item>
      <item>&quot; bapi tables</item>
      <item>lt_accountgl      TYPE TABLE OF BAPIACGL09,</item>
      <item>ls_accountgl      LIKE LINE OF lt_accountgl,</item>
      <item>lt_accounttax     TYPE TABLE OF BAPIACTX09,</item>
      <item>lt_currencyamount TYPE TABLE OF BAPIACCR09,</item>
      <item>ls_currencyamount LIKE LINE OF lt_currencyamount,</item>
      <item>ls_arec           type BAPIACAR09,</item>
      <item>lt_arec           type table of BAPIACAR09,</item>
      <item>ls_apay           type BAPIACAP09,</item>
      <item>lt_apay           type table of BAPIACAP09,</item>
      <item>lt_return         TYPE TABLE OF BAPIRET2,</item>
      <item>lt_ekpo           type table of ekpo,</item>
      <item>lt_ekko           type table of ekko,</item>
      <item>ls_ekpo           type ekpo,</item>
      <item>ls_ekko           type ekko,</item>
      <item>lv_vbund_c(6),</item>
      <item>lv_compcode       type bkpf-bukrs,</item>
      <item>ls_bkpf           TYPE bkpf,</item>
      <item>ld_int            TYPE i,</item>
      <item>bldat             TYPE gohead-bldat,</item>
      <item>budat             TYPE gohead-budat,</item>
      <item>action            TYPE godynpro-action,</item>
      <item>bwart             TYPE godefault_tv-bwart,</item>
      <item>bwartitem         TYPE sy-repid,</item>
      <item>ld_count          type sy-dbcnt,</item>
      <item>ekko              type ekko,</item>
      <item>ekpo              type ekpo.</item>
      <item/>
      <item>DATA :wa_docheader_00                TYPE bapiache09,</item>
      <item>t_accountpayable_00            TYPE STANDARD TABLE OF bapiacap09,</item>
      <item>x_accountpayable_00            LIKE LINE OF t_accountpayable_00,</item>
      <item>t_accountreceivable_00         TYPE STANDARD TABLE OF bapiacar09,</item>
      <item>x_accountreceivable_00         LIKE LINE OF t_accountreceivable_00,</item>
      <item>t_accountgl_00                 TYPE STANDARD TABLE OF bapiacgl09,</item>
      <item>x_accountgl_00                 LIKE LINE OF t_accountgl_00,</item>
      <item>t_criteria_00                  TYPE STANDARD TABLE OF bapiackec9,</item>
      <item>x_cirteria_00                  LIKE LINE OF t_criteria_00,</item>
      <item>t_accounttax_00                TYPE STANDARD TABLE OF bapiactx09,</item>
      <item>x_accounttax_00                LIKE LINE OF t_accounttax_00,</item>
      <item>t_currencyamount_00            TYPE STANDARD TABLE OF bapiaccr09,</item>
      <item>x_currencyamount_00            LIKE LINE OF t_currencyamount_00,</item>
      <item>amount_internal                TYPE bapicurr-bapicurr,</item>
      <item>amount_external                TYPE bapicurr-bapicurr,</item>
      <item>t_return2                      TYPE STANDARD TABLE OF bapiret2,</item>
      <item>x_return2                      LIKE LINE OF t_return2,</item>
      <item>t_criteria                     TYPE TABLE OF bapiackec9,</item>
      <item>t_logfailed_00                 TYPE STANDARD TABLE OF char250,</item>
      <item>x_logfailed_00                 LIKE LINE OF t_logfailed_00,</item>
      <item>ld_rwbtr_h                     TYPE char25,</item>
      <item>ld_rwbtr_s                     TYPE char25,</item>
      <item>ld_message                     type string,</item>
      <item>ld_message_text                TYPE sy-lisel,</item>
      <item>d_bukrs                        type bukrs.</item>
      <item/>
      <item/>
      <item>&quot; Add for interco with infomedia</item>
      <item>DATA :it_zinter001                   TYPE ztt_zinter001,</item>
      <item>ix_zinter001                   LIKE LINE OF it_zinter001,</item>
      <item>it_zinter002                   TYPE TABLE OF zinter002,</item>
      <item>ix_zinter002                   LIKE LINE OF it_zinter002,</item>
      <item>lx_zinter013                   TYPE zinter013,</item>
      <item>tcode                          type sy-tcode.</item>
      <item/>
      <item/>
      <item/>
      <item>import ekko to ekko from memory id &apos;EKKO&apos;.</item>
      <item/>
      <item>SELECT SINGLE * FROM zinter009 INTO ls_zinter009 WHERE codevalidation = &apos;EBELN&apos; AND value = ekko-ebeln. &quot;sy-uname .</item>
      <item/>
      <item>IF sy-subrc &lt;&gt; 0.</item>
      <item/>
      <item>if sy-ucomm = &apos;OK_POST&apos; or sy-ucomm = &apos;OK_POST1&apos;.</item>
      <item>if sy-tcode = &apos;MIGO&apos;.</item>
      <item>*      break guest02.</item>
      <item>&quot; pertama: cek apakah transaksi intercompany</item>
      <item>&quot; jika vbund LFA1 ada isinya, maka dia intercompany</item>
      <item/>
      <item>clear lv_interco_flag.</item>
      <item/>
      <item>select single * from lfa1 into ls_lfa1 where lifnr = ekko-lifnr.</item>
      <item>if sy-subrc = 0.</item>
      <item>if ls_lfa1-vbund is not initial.</item>
      <item>lv_interco_flag = &apos;X&apos;.</item>
      <item>endif.</item>
      <item>endif.</item>
      <item/>
      <item/>
      <item>if lv_interco_flag = &apos;X&apos;.</item>
      <item/>
      <item>import ekpo to ekpo from memory id &apos;EKPO&apos;.</item>
      <item/>
      <item>if sy-subrc = 0.</item>
      <item/>
      <item/>
      <item>CLEAR : bldat,budat,action,bwart,bwartitem.</item>
      <item/>
      <item>IMPORT bldat      to bldat</item>
      <item>budat      to budat</item>
      <item>action     to action</item>
      <item>bwart      to bwart</item>
      <item>bwartitem  to bwartitem FROM MEMORY ID &apos;GOHEAD&apos;.</item>
      <item/>
      <item>IF action = &apos;A01&apos;. &quot; if GR</item>
      <item>SELECT  * FROM zinter001 INTO TABLE lt_zinter001 WHERE po_number =  ekpo-ebeln &quot;item-ebeln</item>
      <item>AND   po_item_number = ekpo-ebelp &quot;item-ebelp</item>
      <item>AND   ( receiver_docstat = &apos;2&apos; or receiver_docstat = &apos;9&apos; ).</item>
      <item>*                                                         AND clearingstatus = &apos;&apos;.</item>
      <item>if sy-subrc = 0.</item>
      <item/>
      <item>select count(*) from zinter002 into ld_count where intercoid = ls_zinter001-intercoid.</item>
      <item>add 1 to ld_count.</item>
      <item/>
      <item>if ls_zinter001-trems = &apos;X&apos;.</item>
      <item>&quot; update zinter001</item>
      <item>ls_zinter001-receiver_docstat = &apos;4&apos;.</item>
      <item>MODIFY zinter001 FROM ls_zinter001.</item>
      <item/>
      <item>update zinter001 set receiver_docstat = &apos;4&apos;</item>
      <item>where intercoid = ls_zinter001-intercoid</item>
      <item>and   perid     = ls_zinter001-perid</item>
      <item>and   gjahr     = ls_zinter001-gjahr.</item>
      <item/>
      <item>&quot; update zinter002</item>
      <item>update zinter002 set lastr = &apos;&apos; where intercoid = ls_zinter001-intercoid.</item>
      <item/>
      <item>clear ls_zinter002.</item>
      <item>ls_zinter002-INTERCOID        = ls_zinter001-intercoid.</item>
      <item>ls_zinter002-CANCELDOCNUMBER  = ls_zinter001-receiver_doc_nu. &quot;lv_docnumber.</item>
      <item>ls_zinter002-sequence         = ld_count.</item>
      <item>ls_zinter002-lastr            = &apos;X&apos;.</item>
      <item>ls_zinter002-CANCELDOC_DATE   = sy-datum.</item>
      <item>ls_zinter002-RECEIVERCOCD     = ls_zinter001-receivercocd. &quot;lv_compcode.</item>
      <item>ls_zinter002-WAERS            = ls_ekko-waers.</item>
      <item>ls_zinter002-mblnr = ls_emkpf-mblnr.</item>
      <item>modify zinter002 from ls_zinter002.</item>
      <item/>
      <item>else.</item>
      <item/>
      <item>delete lt_zinter001 where po_number &lt;&gt; ekpo-ebeln</item>
      <item>and   po_item_number &lt;&gt; ekpo-ebelp.</item>
      <item/>
      <item>READ TABLE lt_zinter001 INTO ls_zinter001 INDEX 1.</item>
      <item>clear d_bukrs.</item>
      <item>CALL FUNCTION &apos;ZRFC_IC_CALL_FB08&apos;</item>
      <item>EXPORTING</item>
      <item>i_bukrs            = ls_zinter001-receivercocd</item>
      <item>i_belnr            = ls_zinter001-receiver_doc_nu</item>
      <item>i_gjahr            = ls_zinter001-gjahr</item>
      <item>*               I_BVORG            = &apos; &apos;</item>
      <item>i_stgrd            = &apos;02&apos;</item>
      <item>i_budat            = budat &quot;sy-datum</item>
      <item>i_monat            = budat+4(2) &quot;sy-datum+4(2)</item>
      <item>i_update           = &apos;S&apos;</item>
      <item>i_mode             = &apos;N&apos;</item>
      <item>*                i_xsimu            = &apos;&apos;</item>
      <item>tcode              = &apos;ZINTERCO&apos;</item>
      <item>IMPORTING</item>
      <item>*               E_BUDAT            =</item>
      <item>*               E_MONAT            =</item>
      <item>BUKRS              = d_bukrs</item>
      <item>BELNR              = ls_zinter002-MIGOMM_DOCNUMBER</item>
      <item>*               GJAHR              =</item>
      <item>message_text       = ld_message_text.</item>
      <item/>
      <item>IF d_bukrs is not initial. &quot;sy-subrc = 0.</item>
      <item/>
      <item>update zinter002 set lastr = &apos;&apos; where intercoid = ls_zinter001-intercoid.</item>
      <item/>
      <item>clear ls_zinter002.</item>
      <item>ls_zinter002-INTERCOID        = ls_zinter001-intercoid.</item>
      <item>ls_zinter002-CANCELDOCNUMBER  = ls_zinter001-receiver_doc_nu. &quot;lv_docnumber.</item>
      <item>ls_zinter002-sequence         = ld_count.</item>
      <item>ls_zinter002-lastr            = &apos;X&apos;.</item>
      <item>ls_zinter002-CANCELDOC_DATE   = sy-datum.</item>
      <item>ls_zinter002-RECEIVERCOCD     = lv_compcode.</item>
      <item>*                  ls_zinter002-AMOUNT           = lv_amo_reverse / 100.</item>
      <item>ls_zinter002-WAERS            = ls_ekko-waers.</item>
      <item>ls_zinter002-mblnr = ls_emkpf-mblnr.</item>
      <item>modify zinter002 from ls_zinter002.</item>
      <item/>
      <item>ls_zinter001-receiver_docstat = &apos;4&apos;.</item>
      <item>MODIFY zinter001 FROM ls_zinter001.</item>
      <item/>
      <item>commit work.</item>
      <item/>
      <item>update zinter001 set receiver_docstat = &apos;4&apos;</item>
      <item>where intercoid = ls_zinter001-intercoid</item>
      <item>and   perid     = ls_zinter001-perid</item>
      <item>and   gjahr     = ls_zinter001-gjahr.</item>
      <item/>
      <item>clear ld_message.</item>
      <item>concatenate &apos;PO document&apos; ls_emkpf-mblnr &apos;Created&apos; into ld_message separated by space.</item>
      <item>message ld_message type &apos;S&apos;.</item>
      <item/>
      <item>IF ls_zinter001-flagrfc = &apos;X&apos;.</item>
      <item>SELECT SINGLE * FROM zinter013 INTO lx_zinter013 WHERE bukrs = ls_zinter001-sendercocd.</item>
      <item/>
      <item>IF sy-subrc = 0.</item>
      <item/>
      <item>CLEAR ls_zinter001-mandt.</item>
      <item/>
      <item>MOVE-CORRESPONDING ls_zinter001 TO ix_zinter001.</item>
      <item>APPEND ix_zinter001 TO it_zinter001.</item>
      <item/>
      <item>CALL FUNCTION &apos;ZRFC_IC_SET_TABLE&apos;</item>
      <item>DESTINATION lx_zinter013-rfcdest</item>
      <item>EXPORTING</item>
      <item>lt_zinter001       = it_zinter001[]</item>
      <item>*                                lt_zinter002       = it_zinter002[]</item>
      <item>*       IMPORTING</item>
      <item>*         RETURN             =</item>
      <item>.</item>
      <item/>
      <item>ENDIF.</item>
      <item>ENDIF.</item>
      <item>else.</item>
      <item>CONCATENATE &apos;Interco doc&apos; ls_zinter001-receiver_doc_nu &apos;.&apos; ld_message_text INTO ld_message.</item>
      <item>MESSAGE ld_message TYPE &apos;I&apos;.</item>
      <item>EXIT.</item>
      <item>ENDIF.</item>
      <item/>
      <item/>
      <item/>
      <item>endif.</item>
      <item>else.</item>
      <item>message &apos;PO Number does not exist in table zinter001. Process cannot be continued.&apos; type &apos;E&apos; DISPLAY LIKE &apos;E&apos;.</item>
      <item>endif.</item>
      <item/>
      <item/>
      <item/>
      <item>elseif action = &apos;A03&apos;.</item>
      <item/>
      <item>*            if ls_zinter001-receiver_docstat = &apos;2&apos; or ls_zinter001-receiver_docstat = &apos;4&apos;.</item>
      <item>&quot; ambil line items dari BSEG.</item>
      <item>&quot; pada saat ini, di bseg belum terisi PO Number-nya, baru doc.no</item>
      <item/>
      <item>SELECT  * FROM zinter001 INTO TABLE lt_zinter001 WHERE  po_number =  ekpo-ebeln &quot;item-ebeln</item>
      <item>AND    po_item_number = ekpo-ebelp &quot;item-ebelp</item>
      <item>AND    receiver_docstat = &apos;4&apos;.</item>
      <item>*                                                           AND    clearingstatus = &apos;&apos;.</item>
      <item>IF sy-subrc =  0.</item>
      <item/>
      <item>select count(*) from zinter002 into ld_count where intercoid = ls_zinter001-intercoid.</item>
      <item>add 1 to ld_count.</item>
      <item/>
      <item>READ TABLE lt_zinter001 INTO ls_zinter001 INDEX 1.</item>
      <item/>
      <item>select * from bseg into table lt_bseg</item>
      <item>where bukrs = ls_zinter001-receivercocd</item>
      <item>and   belnr = ls_zinter001-receiver_doc_nu</item>
      <item>and   gjahr = ls_zinter001-gjahr.</item>
      <item/>
      <item>if sy-subrc = 0.</item>
      <item>*--------------------------------------------------------------------*</item>
      <item/>
      <item>SELECT SINGLE * FROM bkpf INTO ls_bkpf</item>
      <item>WHERE bukrs = ls_zinter001-receivercocd</item>
      <item>AND   belnr = ls_zinter001-receiver_doc_nu</item>
      <item>AND   gjahr = ls_zinter001-gjahr.</item>
      <item/>
      <item>wa_docheader_00-bus_act         = &apos;RFBU&apos;.             &quot; Business Transaction</item>
      <item>wa_docheader_00-username        = sy-uname.           &quot; User Name</item>
      <item>wa_docheader_00-header_txt      = ls_bkpf-bktxt.      &quot; Document header text</item>
      <item>wa_docheader_00-comp_code       = ls_bkpf-bukrs.      &quot; company code</item>
      <item>wa_docheader_00-doc_date        = bldat. &quot;ls_bkpf-bldat.      &quot; Document date</item>
      <item>wa_docheader_00-pstng_date      = budat. &quot;ls_bkpf-budat.      &quot; Posting date</item>
      <item>wa_docheader_00-trans_date      = budat. &quot;sy-datum.           &quot; translation date</item>
      <item>wa_docheader_00-doc_type        = ls_bkpf-blart.      &quot; Document Type</item>
      <item>wa_docheader_00-ref_doc_no      = ls_bkpf-xblnr.      &quot; reference document number</item>
      <item>wa_docheader_00-ref_doc_no_long = ls_bkpf-xblnr.      &quot; reference document number</item>
      <item>wa_docheader_00-fis_period      = ls_bkpf-monat.      &quot; fiscal year periode</item>
      <item/>
      <item>LOOP AT lt_bseg INTO ls_bseg.</item>
      <item>ADD 1 TO ld_int.</item>
      <item>IF ls_bseg-koart = &apos;K&apos;. &quot;vendor - Account payable</item>
      <item/>
      <item/>
      <item>x_accountpayable_00-itemno_acc    = ld_int.              &quot; Accounting Document Line Item Number</item>
      <item>x_accountpayable_00-vendor_no     = ls_bseg-lifnr.       &quot; Account</item>
      <item>x_accountpayable_00-bus_area      = ls_bseg-gsber.       &quot; Business Area</item>
      <item>x_accountpayable_00-comp_code     = ls_bseg-bukrs.       &quot; Company code</item>
      <item>x_accountpayable_00-alloc_nmbr    = ls_bseg-zuonr.       &quot; Assignment</item>
      <item>x_accountpayable_00-profit_ctr    = ls_bseg-prctr.       &quot; Profit Center</item>
      <item>x_accountpayable_00-item_text     = ls_bseg-sgtxt.       &quot; text</item>
      <item>*                  x_accountpayable_00-bline_date    = x_lineitem-budat.</item>
      <item/>
      <item>APPEND x_accountpayable_00 TO t_accountpayable_00.</item>
      <item>CLEAR x_accountpayable_00.</item>
      <item/>
      <item>ELSEIF ls_bseg-koart = &apos;D&apos;.</item>
      <item/>
      <item/>
      <item>&quot; Append Account Receivable Item</item>
      <item>x_accountreceivable_00-itemno_acc         = ld_int.    &quot; Accounting Document Line Item Number</item>
      <item>x_accountreceivable_00-customer           = ls_bseg-kunnr.       &quot; Customer Account</item>
      <item>x_accountreceivable_00-profit_ctr         = ls_bseg-prctr.       &quot; Profit Center</item>
      <item>x_accountreceivable_00-item_text          = ls_bseg-sgtxt.       &quot; item text</item>
      <item>x_accountreceivable_00-comp_code          = ls_bseg-bukrs.       &quot; Company code</item>
      <item>x_accountreceivable_00-bus_area           = ls_bseg-gsber.       &quot; Business Area</item>
      <item>x_accountreceivable_00-alloc_nmbr         = ls_bseg-zuonr.       &quot; Assignment</item>
      <item>*                  x_accountreceivable_00-bline_date         = x_lineitem-budat.</item>
      <item>x_accountreceivable_00-pmnttrms           = &apos;T001&apos;.                 &quot; Payment terms</item>
      <item/>
      <item>APPEND x_accountreceivable_00 TO t_accountreceivable_00.</item>
      <item>CLEAR x_accountreceivable_00.</item>
      <item/>
      <item>ELSEIF ls_bseg-koart = &apos;S&apos;.</item>
      <item/>
      <item>&quot; Append Account G/L Item</item>
      <item>x_accountgl_00-itemno_acc         = ld_int.              &quot;  Accounting Document Line Item Number</item>
      <item>x_accountgl_00-gl_account         = ls_bseg-hkont.       &quot;  G/L Account</item>
      <item>x_accountgl_00-item_text          = ls_bseg-sgtxt.       &quot;  item text</item>
      <item>x_accountgl_00-doc_type           = ls_bkpf-blart.       &quot;  Document Type</item>
      <item>x_accountgl_00-comp_code          = ls_bseg-bukrs.       &quot;  Company code</item>
      <item>x_accountgl_00-bus_area           = ls_bseg-gsber.       &quot;  Business Area</item>
      <item>x_accountgl_00-pstng_date         = budat. &quot;ls_bkpf-budat.       &quot;  posting date</item>
      <item>x_accountgl_00-alloc_nmbr         = ls_bseg-zuonr.       &quot;  Assignment</item>
      <item>x_accountgl_00-costcenter         = ls_bseg-kostl.       &quot;  Cost Center</item>
      <item>x_accountgl_00-profit_ctr         = ls_bseg-prctr.</item>
      <item/>
      <item/>
      <item>APPEND x_accountgl_00 TO t_accountgl_00.</item>
      <item>CLEAR x_accountgl_00.</item>
      <item/>
      <item>ENDIF.</item>
      <item/>
      <item>amount_internal = ls_bseg-wrbtr.</item>
      <item/>
      <item>CALL FUNCTION &apos;BAPI_CURRENCY_CONV_TO_EXTERNAL&apos;</item>
      <item>EXPORTING</item>
      <item>currency        = ls_bkpf-waers</item>
      <item>amount_internal = amount_internal</item>
      <item>IMPORTING</item>
      <item>amount_external = amount_external.</item>
      <item/>
      <item/>
      <item>IF ls_bseg-shkzg = &apos;H&apos;.</item>
      <item>x_currencyamount_00-itemno_acc    = ld_int.               &quot;  Accounting Document Line Item Number</item>
      <item>x_currencyamount_00-currency      = ls_bkpf-waers.        &quot;  currency</item>
      <item/>
      <item>ld_rwbtr_h = amount_external.</item>
      <item>CONCATENATE &apos;-&apos; ld_rwbtr_h INTO ld_rwbtr_h.</item>
      <item>x_currencyamount_00-amt_doccur    = ld_rwbtr_h.</item>
      <item/>
      <item>APPEND x_currencyamount_00 TO t_currencyamount_00.</item>
      <item/>
      <item>ELSE.</item>
      <item/>
      <item>x_currencyamount_00-itemno_acc    = ld_int.               &quot;  Accounting Document Line Item Number</item>
      <item>x_currencyamount_00-currency      = ls_bkpf-waers.        &quot;  currency</item>
      <item>x_currencyamount_00-amt_doccur    = amount_external.</item>
      <item/>
      <item>APPEND x_currencyamount_00 TO t_currencyamount_00.</item>
      <item>ENDIF.</item>
      <item>ENDLOOP.</item>
      <item/>
      <item/>
      <item>DATA: lv_docnumber        type bapi_incinv_fld-inv_doc_no,</item>
      <item>lv_fiscalyear       type bapi_incinv_fld-fisc_year.</item>
      <item/>
      <item>break : 860107.</item>
      <item>data: gv_flag_change_bschl.</item>
      <item>if lt_apay is not initial.</item>
      <item>gv_flag_change_bschl = &apos;X&apos;.</item>
      <item>export gv_flag_change_bschl from gv_flag_change_bschl to memory id &apos;ZMEM_REVERSAL2&apos;.</item>
      <item>endif.</item>
      <item>*                endif.</item>
      <item>clear: lv_obj_type, lv_obj_key, lv_obj_sys.</item>
      <item/>
      <item>FREE MEMORY ID &apos;IC_TLKM&apos;.</item>
      <item>tcode = &apos;ZINTERCO&apos;.</item>
      <item>EXPORT tcode FROM tcode TO MEMORY ID &apos;IC_TLKM&apos;.</item>
      <item/>
      <item>CALL FUNCTION &apos;BAPI_ACC_DOCUMENT_POST&apos;</item>
      <item>EXPORTING</item>
      <item>documentheader          = wa_docheader_00</item>
      <item>IMPORTING</item>
      <item>OBJ_TYPE                = lv_obj_type</item>
      <item>OBJ_KEY                 = lv_obj_key</item>
      <item>OBJ_SYS                 = lv_obj_sys</item>
      <item>tables</item>
      <item>ACCOUNTGL               = t_accountgl_00</item>
      <item>currencyamount          = t_currencyamount_00</item>
      <item>accountpayable          = t_accountpayable_00</item>
      <item>return                  = lt_return</item>
      <item>.</item>
      <item/>
      <item>FREE MEMORY ID &apos;IC_TLKM&apos;.</item>
      <item/>
      <item>data: ls_return type bapiret2.</item>
      <item>break guest02.</item>
      <item>read table lt_return with key type = &apos;E&apos; into ls_return.</item>
      <item>if sy-subrc = 0.</item>
      <item>CALL FUNCTION &apos;BAPI_TRANSACTION_ROLLBACK&apos;.</item>
      <item>else.</item>
      <item>CALL FUNCTION &apos;BAPI_TRANSACTION_COMMIT&apos;</item>
      <item>*                    EXPORTING</item>
      <item>*                      WAIT          = &apos;X&apos;</item>
      <item>.</item>
      <item>&quot; get informastion for WAERS from EKKO based n this PO Number</item>
      <item>select single * from ekko into ls_ekko where ebeln = ls_zinter001-po_number.</item>
      <item/>
      <item>DATA: lv_message(100).</item>
      <item>lv_docnumber         = lv_obj_key+0(10).</item>
      <item>lv_fiscalyear        = lv_obj_key+14(4).</item>
      <item>lv_compcode          = lv_obj_key+10(4).</item>
      <item/>
      <item>&quot; update zinter002</item>
      <item/>
      <item>update zinter002 set lastr = &apos;&apos; where intercoid = ls_zinter001-intercoid.</item>
      <item/>
      <item>clear ls_zinter002.</item>
      <item>ls_zinter002-INTERCOID        = ls_zinter001-intercoid.</item>
      <item>ls_zinter002-CANCELDOCNUMBER  = ls_zinter001-receiver_doc_nu. &quot;lv_docnumber.</item>
      <item>ls_zinter002-sequence         = ld_count.</item>
      <item>ls_zinter002-lastr            = &apos;X&apos;.</item>
      <item>ls_zinter002-CANCELDOC_DATE   = sy-datum.</item>
      <item>ls_zinter002-RECEIVERCOCD     = lv_compcode.</item>
      <item>*                  ls_zinter002-AMOUNT           = lv_amo_reverse / 100.</item>
      <item>ls_zinter002-WAERS            = ls_ekko-waers. &quot;=&gt; waers is from po waers</item>
      <item>*                  ls_zinter002-AMT_LOCCURRENCY  = lv_amo_reverse / 100.</item>
      <item>&quot;</item>
      <item>if ls_zinter002-waers &lt;&gt; &apos;IDR&apos;.</item>
      <item>DATA: t_er        TYPE tcurr-ukurs,</item>
      <item>t_ff        TYPE tcurr-ffact,</item>
      <item>t_lf        TYPE tcurr-tfact,</item>
      <item>t_vfd       TYPE datum,</item>
      <item>ld_erate(12)   TYPE c.</item>
      <item>CALL FUNCTION &apos;READ_EXCHANGE_RATE&apos;</item>
      <item>EXPORTING</item>
      <item>date                    = sy-datum &quot; =&gt; date mengikuti event MiGo, yaitu sekarang</item>
      <item>foreign_currency        = ls_zinter002-waers</item>
      <item>local_currency          = &apos;IDR&apos;</item>
      <item>TYPE_OF_RATE            = &apos;M&apos;</item>
      <item>IMPORTING</item>
      <item>EXCHANGE_RATE           = t_er</item>
      <item>FOREIGN_FACTOR          = t_ff</item>
      <item>LOCAL_FACTOR            = t_lf</item>
      <item>VALID_FROM_DATE         = t_vfd</item>
      <item>EXCEPTIONS</item>
      <item>NO_RATE_FOUND           = 1</item>
      <item>NO_FACTORS_FOUND        = 2</item>
      <item>NO_SPREAD_FOUND         = 3</item>
      <item>DERIVED_2_TIMES         = 4</item>
      <item>OVERFLOW                = 5</item>
      <item>ZERO_RATE               = 6</item>
      <item>OTHERS                  = 7</item>
      <item>.</item>
      <item>IF sy-subrc = 0.</item>
      <item>*                      ld_erate = t_er / ( t_ff / t_lf ).</item>
      <item>*                      ls_zinter002-AMT_LOCCURRENCY = ls_zinter002-AMT_LOCCURRENCY * ld_erate.</item>
      <item>ENDIF.</item>
      <item/>
      <item>endif.</item>
      <item>ls_zinter002-MIGOMM_DOCNUMBER = lv_docnumber.</item>
      <item>ls_zinter002-mblnr = ls_emkpf-mblnr.</item>
      <item>modify zinter002 from ls_zinter002.</item>
      <item/>
      <item>IF ls_zinter001-CLEARINGSTATUS = &apos;X&apos;.</item>
      <item>ls_zinter001-receiver_docstat = &apos;9&apos;.</item>
      <item>else.</item>
      <item>ls_zinter001-receiver_docstat = &apos;2&apos;.</item>
      <item>ENDIF.</item>
      <item>*                  ls_zinter001-receiver_docstat = &apos;2&apos;.</item>
      <item>ls_zinter001-RECEIVER_DOC_NU  = lv_docnumber.</item>
      <item>MODIFY zinter001 FROM ls_zinter001.</item>
      <item/>
      <item>commit work.</item>
      <item/>
      <item>update zinter001 set receiver_docstat = &apos;2&apos;</item>
      <item>RECEIVER_DOC_NU  = lv_docnumber</item>
      <item>where intercoid = ls_zinter001-intercoid</item>
      <item>and   perid     = ls_zinter001-perid</item>
      <item>and   gjahr     = ls_zinter001-gjahr.</item>
      <item/>
      <item/>
      <item>IF ls_zinter001-flagrfc = &apos;X&apos;.</item>
      <item>SELECT SINGLE * FROM zinter013 INTO lx_zinter013 WHERE bukrs = ls_zinter001-sendercocd.</item>
      <item/>
      <item>IF sy-subrc = 0.</item>
      <item/>
      <item>CLEAR ls_zinter001-mandt.</item>
      <item/>
      <item>MOVE-CORRESPONDING ls_zinter001 TO ix_zinter001.</item>
      <item>APPEND ix_zinter001 TO it_zinter001.</item>
      <item/>
      <item>CLEAR ls_zinter002-mandt.</item>
      <item>MOVE-CORRESPONDING ls_zinter002 TO ix_zinter002.</item>
      <item>APPEND ix_zinter002 TO it_zinter002.</item>
      <item/>
      <item>CALL FUNCTION &apos;ZRFC_IC_SET_TABLE&apos;</item>
      <item>DESTINATION lx_zinter013-rfcdest</item>
      <item>EXPORTING</item>
      <item>lt_zinter001       = it_zinter001[]</item>
      <item>lt_zinter002       = it_zinter002[]</item>
      <item>*       IMPORTING</item>
      <item>*         RETURN             =</item>
      <item>.</item>
      <item/>
      <item>ENDIF.</item>
      <item>ENDIF.</item>
      <item/>
      <item>endif.</item>
      <item>endif.</item>
      <item/>
      <item>ELSE.</item>
      <item>MESSAGE &apos;PO Number does not exist in table zinter001. Process cannot be continued.&apos; TYPE &apos;E&apos;.</item>
      <item>EXIT.</item>
      <item>ENDIF.</item>
      <item/>
      <item/>
      <item>endif.</item>
      <item>endif.</item>
      <item>*            endif.</item>
      <item/>
      <item>*        endif.</item>
      <item>else.</item>
      <item>&quot; ini adalah transaksi yang bukan intercompany -&gt; loloskan</item>
      <item/>
      <item/>
      <item>endif.</item>
      <item>endif.</item>
      <item>endif.</item>
      <item>endif.</item>
     </SOURCE>
    </ENH_HOOK_IMPL>
   </ENHANCEMENTS>
   <SOTR>
    <item>
     <HEADER>
      <CONCEPT>000C296E7D031EEB9FFBF6E8FDAECEFA</CONCEPT>
      <CREA_LAN>E</CREA_LAN>
      <TRALA_TYPE>1</TRALA_TYPE>
      <OBJID_VEC>AAI=</OBJID_VEC>
     </HEADER>
     <ENTRIES>
      <SOTR_TEXT>
       <CONCEPT>000C296E7D031EEB9FFBF6E8FDAECEFA</CONCEPT>
       <LANGU>E</LANGU>
       <LFD_NUM>0001</LFD_NUM>
       <FLAG_CNTXT>X</FLAG_CNTXT>
       <STATUS>R</STATUS>
       <LENGTH>039</LENGTH>
       <TEXT>Badi For Reversal Document</TEXT>
      </SOTR_TEXT>
     </ENTRIES>
    </item>
   </SOTR>
   <SOTR_USE>
    <SOTR_USE>
     <PGMID>R3TR</PGMID>
     <OBJECT>ENHO</OBJECT>
     <OBJ_NAME>ZBADI_REVERSE_DOCUMENT</OBJ_NAME>
     <CONCEPT>000C296E7D031EEB9FFBF6E8FDAECEFA</CONCEPT>
     <LFD_NUM>0001</LFD_NUM>
    </SOTR_USE>
   </SOTR_USE>
  </asx:values>
 </asx:abap>
</abapGit>
