﻿<?xml version="1.0" encoding="utf-8"?>
<abapGit version="v1.0.0" serializer="LCL_OBJECT_DTEL" serializer_version="v1.0.0">
 <asx:abap xmlns:asx="http://www.sap.com/abapxml" version="1.0">
  <asx:values>
   <DD04V>
    <ROLLNAME>ZCOCD_METRA2</ROLLNAME>
    <DDLANGUAGE>E</DDLANGUAGE>
    <DOMNAME>ZCOCD_METRA</DOMNAME>
    <SCRLEN1>10</SCRLEN1>
    <SCRLEN3>20</SCRLEN3>
    <DDTEXT>Data Element  Company Code of Consolidation - PT METRA</DDTEXT>
    <SCRTEXT_S>CoCd</SCRTEXT_S>
    <SCRTEXT_L>CoCd</SCRTEXT_L>
    <DTELMASTER>E</DTELMASTER>
    <SHLPNAME>ZCOCD_METRA2</SHLPNAME>
    <SHLPFIELD>CNAME</SHLPFIELD>
    <REFKIND>D</REFKIND>
   </DD04V>
  </asx:values>
 </asx:abap>
</abapGit>
