﻿<?xml version="1.0" encoding="utf-8"?>
<abapGit version="v1.0.0" serializer="LCL_OBJECT_DTEL" serializer_version="v1.0.0">
 <asx:abap xmlns:asx="http://www.sap.com/abapxml" version="1.0">
  <asx:values>
   <DD04V>
    <ROLLNAME>ZDE_FILENAME</ROLLNAME>
    <DDLANGUAGE>E</DDLANGUAGE>
    <HEADLEN>30</HEADLEN>
    <SCRLEN1>10</SCRLEN1>
    <SCRLEN2>19</SCRLEN2>
    <SCRLEN3>29</SCRLEN3>
    <DDTEXT>Data Element For File Name MT940 and MT942</DDTEXT>
    <REPTEXT>File Name For MT940 and MT942</REPTEXT>
    <SCRTEXT_S>File Name</SCRTEXT_S>
    <SCRTEXT_M>File Name MT940-942</SCRTEXT_M>
    <SCRTEXT_L>File Name For MT940 and MT942</SCRTEXT_L>
    <DTELMASTER>E</DTELMASTER>
    <DATATYPE>CHAR</DATATYPE>
    <LENG>000030</LENG>
    <OUTPUTLEN>000030</OUTPUTLEN>
   </DD04V>
  </asx:values>
 </asx:abap>
</abapGit>
