﻿<?xml version="1.0" encoding="utf-8"?>
<abapGit version="v1.0.0" serializer="LCL_OBJECT_DTEL" serializer_version="v1.0.0">
 <asx:abap xmlns:asx="http://www.sap.com/abapxml" version="1.0">
  <asx:values>
   <DD04V>
    <ROLLNAME>ZDE_TYPEFILE</ROLLNAME>
    <DDLANGUAGE>E</DDLANGUAGE>
    <HEADLEN>55</HEADLEN>
    <SCRLEN1>10</SCRLEN1>
    <SCRLEN2>15</SCRLEN2>
    <SCRLEN3>20</SCRLEN3>
    <DDTEXT>FILE NAME</DDTEXT>
    <REPTEXT>FILE</REPTEXT>
    <SCRTEXT_S>FILE</SCRTEXT_S>
    <SCRTEXT_M>FILE</SCRTEXT_M>
    <SCRTEXT_L>FILE</SCRTEXT_L>
    <DTELMASTER>E</DTELMASTER>
    <DATATYPE>CHAR</DATATYPE>
    <LENG>000100</LENG>
    <OUTPUTLEN>000100</OUTPUTLEN>
   </DD04V>
  </asx:values>
 </asx:abap>
</abapGit>
