﻿<?xml version="1.0" encoding="utf-8"?>
<abapGit version="v1.0.0" serializer="LCL_OBJECT_DTEL" serializer_version="v1.0.0">
 <asx:abap xmlns:asx="http://www.sap.com/abapxml" version="1.0">
  <asx:values>
   <DD04V>
    <ROLLNAME>ZDE_UZEIT_SEND</ROLLNAME>
    <DDLANGUAGE>E</DDLANGUAGE>
    <HEADLEN>09</HEADLEN>
    <SCRLEN1>10</SCRLEN1>
    <SCRLEN2>15</SCRLEN2>
    <SCRLEN3>20</SCRLEN3>
    <DDTEXT>Time Send</DDTEXT>
    <REPTEXT>Time Send</REPTEXT>
    <SCRTEXT_S>Time Send</SCRTEXT_S>
    <SCRTEXT_M>Time Send</SCRTEXT_M>
    <SCRTEXT_L>Time Send</SCRTEXT_L>
    <DTELMASTER>E</DTELMASTER>
    <DATATYPE>TIMS</DATATYPE>
    <LENG>000006</LENG>
    <OUTPUTLEN>000008</OUTPUTLEN>
   </DD04V>
  </asx:values>
 </asx:abap>
</abapGit>
