﻿<?xml version="1.0" encoding="utf-8"?>
<abapGit version="v1.0.0" serializer="LCL_OBJECT_DTEL" serializer_version="v1.0.0">
 <asx:abap xmlns:asx="http://www.sap.com/abapxml" version="1.0">
  <asx:values>
   <DD04V>
    <ROLLNAME>ZDE_BSTAT_D</ROLLNAME>
    <DDLANGUAGE>E</DDLANGUAGE>
    <LOGFLAG>X</LOGFLAG>
    <HEADLEN>13</HEADLEN>
    <SCRLEN1>10</SCRLEN1>
    <SCRLEN2>15</SCRLEN2>
    <SCRLEN3>20</SCRLEN3>
    <DDTEXT>Block Payment</DDTEXT>
    <REPTEXT>Block Payment</REPTEXT>
    <SCRTEXT_S>Block Pay</SCRTEXT_S>
    <SCRTEXT_M>Block Payment</SCRTEXT_M>
    <SCRTEXT_L>Block Payment</SCRTEXT_L>
    <APPLCLASS>FB</APPLCLASS>
    <DTELMASTER>E</DTELMASTER>
    <DEFFDNAME>DOC_STATUS</DEFFDNAME>
    <DATATYPE>CHAR</DATATYPE>
    <LENG>000001</LENG>
    <OUTPUTLEN>000001</OUTPUTLEN>
   </DD04V>
  </asx:values>
 </asx:abap>
</abapGit>
