﻿<?xml version="1.0" encoding="utf-8"?>
<abapGit version="v1.0.0" serializer="LCL_OBJECT_DTEL" serializer_version="v1.0.0">
 <asx:abap xmlns:asx="http://www.sap.com/abapxml" version="1.0">
  <asx:values>
   <DD04V>
    <ROLLNAME>ZDE_UNAME_SEND</ROLLNAME>
    <DDLANGUAGE>E</DDLANGUAGE>
    <HEADLEN>14</HEADLEN>
    <SCRLEN1>10</SCRLEN1>
    <SCRLEN2>15</SCRLEN2>
    <SCRLEN3>20</SCRLEN3>
    <DDTEXT>User Name Send</DDTEXT>
    <REPTEXT>User Name Send</REPTEXT>
    <SCRTEXT_S>User Send</SCRTEXT_S>
    <SCRTEXT_M>User Name Send</SCRTEXT_M>
    <SCRTEXT_L>User Name Send</SCRTEXT_L>
    <DTELMASTER>E</DTELMASTER>
    <DATATYPE>CHAR</DATATYPE>
    <LENG>000012</LENG>
    <OUTPUTLEN>000012</OUTPUTLEN>
   </DD04V>
  </asx:values>
 </asx:abap>
</abapGit>
