﻿<?xml version="1.0" encoding="utf-8"?>
<abapGit version="v1.0.0" serializer="LCL_OBJECT_DTEL" serializer_version="v1.0.0">
 <asx:abap xmlns:asx="http://www.sap.com/abapxml" version="1.0">
  <asx:values>
   <DD04V>
    <ROLLNAME>ZDE_IPTARGET</ROLLNAME>
    <DDLANGUAGE>E</DDLANGUAGE>
    <HEADLEN>15</HEADLEN>
    <SCRLEN1>10</SCRLEN1>
    <SCRLEN2>15</SCRLEN2>
    <SCRLEN3>20</SCRLEN3>
    <DDTEXT>IP Target</DDTEXT>
    <REPTEXT>IP Target</REPTEXT>
    <SCRTEXT_S>IP Target</SCRTEXT_S>
    <SCRTEXT_M>IP Target</SCRTEXT_M>
    <SCRTEXT_L>IP Target</SCRTEXT_L>
    <DTELMASTER>E</DTELMASTER>
    <DATATYPE>CHAR</DATATYPE>
    <LENG>000015</LENG>
    <OUTPUTLEN>000015</OUTPUTLEN>
   </DD04V>
  </asx:values>
 </asx:abap>
</abapGit>
