﻿<?xml version="1.0" encoding="utf-8"?>
<abapGit version="v1.0.0" serializer="LCL_OBJECT_DTEL" serializer_version="v1.0.0">
 <asx:abap xmlns:asx="http://www.sap.com/abapxml" version="1.0">
  <asx:values>
   <DD04V>
    <ROLLNAME>ZDE_PARAM</ROLLNAME>
    <DDLANGUAGE>E</DDLANGUAGE>
    <HEADLEN>09</HEADLEN>
    <SCRLEN1>10</SCRLEN1>
    <SCRLEN2>15</SCRLEN2>
    <SCRLEN3>20</SCRLEN3>
    <DDTEXT>Data element parameter</DDTEXT>
    <REPTEXT>PARAMETER</REPTEXT>
    <SCRTEXT_S>PARAM</SCRTEXT_S>
    <SCRTEXT_M>PARAMETER</SCRTEXT_M>
    <SCRTEXT_L>PARAMETER</SCRTEXT_L>
    <DTELMASTER>E</DTELMASTER>
    <DATATYPE>CHAR</DATATYPE>
    <LENG>000030</LENG>
    <OUTPUTLEN>000030</OUTPUTLEN>
   </DD04V>
  </asx:values>
 </asx:abap>
</abapGit>
