﻿<?xml version="1.0" encoding="utf-8"?>
<abapGit version="v1.0.0" serializer="LCL_OBJECT_DTEL" serializer_version="v1.0.0">
 <asx:abap xmlns:asx="http://www.sap.com/abapxml" version="1.0">
  <asx:values>
   <DD04V>
    <ROLLNAME>ZDE_SAKNR_AFF</ROLLNAME>
    <DDLANGUAGE>E</DDLANGUAGE>
    <DOMNAME>SAKNR</DOMNAME>
    <HEADLEN>20</HEADLEN>
    <SCRLEN1>10</SCRLEN1>
    <SCRLEN2>20</SCRLEN2>
    <SCRLEN3>20</SCRLEN3>
    <DDTEXT>G/L Account Number Afilisasi</DDTEXT>
    <REPTEXT>G/L Account Afiliasi</REPTEXT>
    <SCRTEXT_S>G/L Aff</SCRTEXT_S>
    <SCRTEXT_M>G/L Account Afiliasi</SCRTEXT_M>
    <SCRTEXT_L>G/L Account Afiliasi</SCRTEXT_L>
    <DTELMASTER>E</DTELMASTER>
    <REFKIND>D</REFKIND>
   </DD04V>
  </asx:values>
 </asx:abap>
</abapGit>
