﻿<?xml version="1.0" encoding="utf-8"?>
<abapGit version="v1.0.0" serializer="LCL_OBJECT_DTEL" serializer_version="v1.0.0">
 <asx:abap xmlns:asx="http://www.sap.com/abapxml" version="1.0">
  <asx:values>
   <DD04V>
    <ROLLNAME>ZDEI004</ROLLNAME>
    <DDLANGUAGE>E</DDLANGUAGE>
    <DOMNAME>KONTO</DOMNAME>
    <HEADLEN>25</HEADLEN>
    <SCRLEN1>10</SCRLEN1>
    <SCRLEN2>15</SCRLEN2>
    <SCRLEN3>25</SCRLEN3>
    <DDTEXT>Customer Receiver Account</DDTEXT>
    <REPTEXT>Customer Receiver Account</REPTEXT>
    <SCRTEXT_S>CR Account</SCRTEXT_S>
    <SCRTEXT_M>CR Account</SCRTEXT_M>
    <SCRTEXT_L>Customer Receiver Account</SCRTEXT_L>
    <DTELMASTER>E</DTELMASTER>
    <REFKIND>D</REFKIND>
   </DD04V>
  </asx:values>
 </asx:abap>
</abapGit>
