﻿<?xml version="1.0" encoding="utf-8"?>
<abapGit version="v1.0.0" serializer="LCL_OBJECT_DTEL" serializer_version="v1.0.0">
 <asx:abap xmlns:asx="http://www.sap.com/abapxml" version="1.0">
  <asx:values>
   <DD04V>
    <ROLLNAME>ZDEI005</ROLLNAME>
    <DDLANGUAGE>E</DDLANGUAGE>
    <DOMNAME>LIFNR</DOMNAME>
    <HEADLEN>24</HEADLEN>
    <SCRLEN1>10</SCRLEN1>
    <SCRLEN2>15</SCRLEN2>
    <SCRLEN3>24</SCRLEN3>
    <DDTEXT>Vendor Sender Sub Ledger</DDTEXT>
    <REPTEXT>Vendor Sender Sub Ledger</REPTEXT>
    <SCRTEXT_S>VS Sub GL</SCRTEXT_S>
    <SCRTEXT_M>VS Sub Ledger</SCRTEXT_M>
    <SCRTEXT_L>Vendor Sender Sub Ledger</SCRTEXT_L>
    <DTELMASTER>E</DTELMASTER>
    <REFKIND>D</REFKIND>
   </DD04V>
  </asx:values>
 </asx:abap>
</abapGit>
