﻿<?xml version="1.0" encoding="utf-8"?>
<abapGit version="v1.0.0" serializer="LCL_OBJECT_DTEL" serializer_version="v1.0.0">
 <asx:abap xmlns:asx="http://www.sap.com/abapxml" version="1.0">
  <asx:values>
   <DD04V>
    <ROLLNAME>ZDEI007</ROLLNAME>
    <DDLANGUAGE>E</DDLANGUAGE>
    <DOMNAME>KONTO</DOMNAME>
    <HEADLEN>25</HEADLEN>
    <SCRLEN1>10</SCRLEN1>
    <SCRLEN2>17</SCRLEN2>
    <SCRLEN3>25</SCRLEN3>
    <DDTEXT>Receiver Expense Clearing</DDTEXT>
    <REPTEXT>Receiver Expense Clearing</REPTEXT>
    <SCRTEXT_S>Rcv Clear</SCRTEXT_S>
    <SCRTEXT_M>Receiver Clearing</SCRTEXT_M>
    <SCRTEXT_L>Receiver Expense Clearing</SCRTEXT_L>
    <DTELMASTER>E</DTELMASTER>
    <REFKIND>D</REFKIND>
   </DD04V>
  </asx:values>
 </asx:abap>
</abapGit>
