﻿<?xml version="1.0" encoding="utf-8"?>
<abapGit version="v1.0.0" serializer="LCL_OBJECT_DTEL" serializer_version="v1.0.0">
 <asx:abap xmlns:asx="http://www.sap.com/abapxml" version="1.0">
  <asx:values>
   <DD04V>
    <ROLLNAME>ZDEI014</ROLLNAME>
    <DDLANGUAGE>E</DDLANGUAGE>
    <DOMNAME>KOSTL</DOMNAME>
    <HEADLEN>33</HEADLEN>
    <SCRLEN1>10</SCRLEN1>
    <SCRLEN2>19</SCRLEN2>
    <SCRLEN3>33</SCRLEN3>
    <DDTEXT>Cost Center Receiver Tax Clearing</DDTEXT>
    <REPTEXT>Cost Center Receiver Tax Clearing</REPTEXT>
    <SCRTEXT_S>CCRTC</SCRTEXT_S>
    <SCRTEXT_M>Cst Ctr Rcv Tac Clr</SCRTEXT_M>
    <SCRTEXT_L>Cost Center Receiver Tax Clearing</SCRTEXT_L>
    <DTELMASTER>E</DTELMASTER>
    <REFKIND>D</REFKIND>
   </DD04V>
  </asx:values>
 </asx:abap>
</abapGit>
