﻿<?xml version="1.0" encoding="utf-8"?>
<abapGit version="v1.0.0" serializer="LCL_OBJECT_DTEL" serializer_version="v1.0.0">
 <asx:abap xmlns:asx="http://www.sap.com/abapxml" version="1.0">
  <asx:values>
   <DD04V>
    <ROLLNAME>ZDEI019</ROLLNAME>
    <DDLANGUAGE>E</DDLANGUAGE>
    <DOMNAME>GSBER</DOMNAME>
    <HEADLEN>35</HEADLEN>
    <SCRLEN1>10</SCRLEN1>
    <SCRLEN2>18</SCRLEN2>
    <SCRLEN3>35</SCRLEN3>
    <DDTEXT>Business Area Vendor Sender Account</DDTEXT>
    <REPTEXT>Business Area Vendor Sender Account</REPTEXT>
    <SCRTEXT_S>BAVSA</SCRTEXT_S>
    <SCRTEXT_M>BA Vdr Sender Acct</SCRTEXT_M>
    <SCRTEXT_L>Business Area Vendor Sender Account</SCRTEXT_L>
    <DTELMASTER>E</DTELMASTER>
    <REFKIND>D</REFKIND>
   </DD04V>
  </asx:values>
 </asx:abap>
</abapGit>
