﻿<?xml version="1.0" encoding="utf-8"?>
<abapGit version="v1.0.0" serializer="LCL_OBJECT_DTEL" serializer_version="v1.0.0">
 <asx:abap xmlns:asx="http://www.sap.com/abapxml" version="1.0">
  <asx:values>
   <DD04V>
    <ROLLNAME>ZDEI016</ROLLNAME>
    <DDLANGUAGE>E</DDLANGUAGE>
    <DOMNAME>GSBER</DOMNAME>
    <HEADLEN>39</HEADLEN>
    <SCRLEN1>10</SCRLEN1>
    <SCRLEN2>16</SCRLEN2>
    <SCRLEN3>39</SCRLEN3>
    <DDTEXT>Business Area Receiver Expense Clearing</DDTEXT>
    <REPTEXT>Business Area Receiver Expense Clearing</REPTEXT>
    <SCRTEXT_S>BAREC</SCRTEXT_S>
    <SCRTEXT_M>BA Rec Exp Clear</SCRTEXT_M>
    <SCRTEXT_L>Business Area Receiver Expense Clearing</SCRTEXT_L>
    <DTELMASTER>E</DTELMASTER>
    <REFKIND>D</REFKIND>
   </DD04V>
  </asx:values>
 </asx:abap>
</abapGit>
