﻿<?xml version="1.0" encoding="utf-8"?>
<abapGit version="v1.0.0" serializer="LCL_OBJECT_DTEL" serializer_version="v1.0.0">
 <asx:abap xmlns:asx="http://www.sap.com/abapxml" version="1.0">
  <asx:values>
   <DD04V>
    <ROLLNAME>ZDEI018</ROLLNAME>
    <DDLANGUAGE>E</DDLANGUAGE>
    <DOMNAME>ZDOI018</DOMNAME>
    <HEADLEN>23</HEADLEN>
    <SCRLEN1>10</SCRLEN1>
    <SCRLEN2>20</SCRLEN2>
    <SCRLEN3>23</SCRLEN3>
    <DDTEXT>Status Document Interco</DDTEXT>
    <REPTEXT>Status Document Interco</REPTEXT>
    <SCRTEXT_S>Status Doc</SCRTEXT_S>
    <SCRTEXT_M>Status Document Inte</SCRTEXT_M>
    <SCRTEXT_L>Status Document Interco</SCRTEXT_L>
    <DTELMASTER>E</DTELMASTER>
    <REFKIND>D</REFKIND>
   </DD04V>
  </asx:values>
 </asx:abap>
</abapGit>
