﻿<?xml version="1.0" encoding="utf-8"?>
<abapGit version="v1.0.0" serializer="LCL_OBJECT_DTEL" serializer_version="v1.0.0">
 <asx:abap xmlns:asx="http://www.sap.com/abapxml" version="1.0">
  <asx:values>
   <DD04V>
    <ROLLNAME>ZDEI012</ROLLNAME>
    <DDLANGUAGE>E</DDLANGUAGE>
    <DOMNAME>KOSTL</DOMNAME>
    <HEADLEN>37</HEADLEN>
    <SCRLEN1>10</SCRLEN1>
    <SCRLEN2>15</SCRLEN2>
    <SCRLEN3>37</SCRLEN3>
    <DDTEXT>Cost Center Receiver Expense Clearing</DDTEXT>
    <REPTEXT>Cost Center Receiver Expense Clearing</REPTEXT>
    <SCRTEXT_S>CCREC</SCRTEXT_S>
    <SCRTEXT_M>CC Rec Exps Clr</SCRTEXT_M>
    <SCRTEXT_L>Cost Center Receiver Expense Clearing</SCRTEXT_L>
    <DTELMASTER>E</DTELMASTER>
    <REFKIND>D</REFKIND>
   </DD04V>
  </asx:values>
 </asx:abap>
</abapGit>
