﻿<?xml version="1.0" encoding="utf-8"?>
<abapGit version="v1.0.0" serializer="LCL_OBJECT_DTEL" serializer_version="v1.0.0">
 <asx:abap xmlns:asx="http://www.sap.com/abapxml" version="1.0">
  <asx:values>
   <DD04V>
    <ROLLNAME>ZDEI001</ROLLNAME>
    <DDLANGUAGE>E</DDLANGUAGE>
    <DOMNAME>BUKRS</DOMNAME>
    <HEADLEN>19</HEADLEN>
    <SCRLEN1>10</SCRLEN1>
    <SCRLEN2>19</SCRLEN2>
    <SCRLEN3>20</SCRLEN3>
    <DDTEXT>Company Code Sender</DDTEXT>
    <REPTEXT>Company Code Sender</REPTEXT>
    <SCRTEXT_S>CC Sender</SCRTEXT_S>
    <SCRTEXT_M>Company Code Sender</SCRTEXT_M>
    <SCRTEXT_L>Company Code Sender</SCRTEXT_L>
    <DTELMASTER>E</DTELMASTER>
    <REFKIND>D</REFKIND>
   </DD04V>
  </asx:values>
 </asx:abap>
</abapGit>
