﻿<?xml version="1.0" encoding="utf-8"?>
<abapGit version="v1.0.0" serializer="LCL_OBJECT_DTEL" serializer_version="v1.0.0">
 <asx:abap xmlns:asx="http://www.sap.com/abapxml" version="1.0">
  <asx:values>
   <DD04V>
    <ROLLNAME>ZDEI003</ROLLNAME>
    <DDLANGUAGE>E</DDLANGUAGE>
    <DOMNAME>KUNNR</DOMNAME>
    <HEADLEN>28</HEADLEN>
    <SCRLEN1>10</SCRLEN1>
    <SCRLEN2>19</SCRLEN2>
    <SCRLEN3>28</SCRLEN3>
    <DDTEXT>Customer Receiver Sub Ledger</DDTEXT>
    <REPTEXT>Customer Receiver Sub Ledger</REPTEXT>
    <SCRTEXT_S>CR Sub GL</SCRTEXT_S>
    <SCRTEXT_M>Cust Rec Sub Ledger</SCRTEXT_M>
    <SCRTEXT_L>Customer Receiver Sub Ledger</SCRTEXT_L>
    <DTELMASTER>E</DTELMASTER>
    <REFKIND>D</REFKIND>
   </DD04V>
  </asx:values>
 </asx:abap>
</abapGit>
