﻿<?xml version="1.0" encoding="utf-8"?>
<abapGit version="v1.0.0" serializer="LCL_OBJECT_DTEL" serializer_version="v1.0.0">
 <asx:abap xmlns:asx="http://www.sap.com/abapxml" version="1.0">
  <asx:values>
   <DD04V>
    <ROLLNAME>ZDEI006</ROLLNAME>
    <DDLANGUAGE>E</DDLANGUAGE>
    <DOMNAME>KONTO</DOMNAME>
    <HEADLEN>21</HEADLEN>
    <SCRLEN1>10</SCRLEN1>
    <SCRLEN2>20</SCRLEN2>
    <SCRLEN3>21</SCRLEN3>
    <DDTEXT>Vendor Sender Account</DDTEXT>
    <REPTEXT>Vendor Sender Account</REPTEXT>
    <SCRTEXT_S>VS Account</SCRTEXT_S>
    <SCRTEXT_M>Vendor Sender Accoun</SCRTEXT_M>
    <SCRTEXT_L>Vendor Sender Account</SCRTEXT_L>
    <DTELMASTER>E</DTELMASTER>
    <REFKIND>D</REFKIND>
   </DD04V>
  </asx:values>
 </asx:abap>
</abapGit>
