﻿<?xml version="1.0" encoding="utf-8"?>
<abapGit version="v1.0.0" serializer="LCL_OBJECT_DTEL" serializer_version="v1.0.0">
 <asx:abap xmlns:asx="http://www.sap.com/abapxml" version="1.0">
  <asx:values>
   <DD04V>
    <ROLLNAME>ZDEI011</ROLLNAME>
    <DDLANGUAGE>E</DDLANGUAGE>
    <DOMNAME>PRCTR</DOMNAME>
    <HEADLEN>35</HEADLEN>
    <SCRLEN1>10</SCRLEN1>
    <SCRLEN2>18</SCRLEN2>
    <SCRLEN3>35</SCRLEN3>
    <DDTEXT>Profit Center Vendor Sender Account</DDTEXT>
    <REPTEXT>Profit Center Vendor Sender Account</REPTEXT>
    <SCRTEXT_S>PCVS</SCRTEXT_S>
    <SCRTEXT_M>Prf Ctr Vdr Sender</SCRTEXT_M>
    <SCRTEXT_L>Profit Center Vendor Sender Account</SCRTEXT_L>
    <DTELMASTER>E</DTELMASTER>
    <REFKIND>D</REFKIND>
   </DD04V>
  </asx:values>
 </asx:abap>
</abapGit>
