﻿<?xml version="1.0" encoding="utf-8"?>
<abapGit version="v1.0.0" serializer="LCL_OBJECT_DOMA" serializer_version="v1.0.0">
 <asx:abap xmlns:asx="http://www.sap.com/abapxml" version="1.0">
  <asx:values>
   <DD01V>
    <DOMNAME>ZDOI018</DOMNAME>
    <DDLANGUAGE>E</DDLANGUAGE>
    <DATATYPE>CHAR</DATATYPE>
    <LENG>000001</LENG>
    <OUTPUTLEN>000001</OUTPUTLEN>
    <VALEXI>X</VALEXI>
    <DDTEXT>Status Document Interco</DDTEXT>
   </DD01V>
   <DD07V_TAB>
    <DD07V>
     <DOMNAME>ZDOI018</DOMNAME>
     <VALPOS>0001</VALPOS>
     <DDLANGUAGE>E</DDLANGUAGE>
     <DOMVALUE_L>1</DOMVALUE_L>
     <DDTEXT>Park Document</DDTEXT>
    </DD07V>
    <DD07V>
     <DOMNAME>ZDOI018</DOMNAME>
     <VALPOS>0002</VALPOS>
     <DDLANGUAGE>E</DDLANGUAGE>
     <DOMVALUE_L>2</DOMVALUE_L>
     <DDTEXT>Post Document</DDTEXT>
    </DD07V>
    <DD07V>
     <DOMNAME>ZDOI018</DOMNAME>
     <VALPOS>0003</VALPOS>
     <DDLANGUAGE>E</DDLANGUAGE>
     <DOMVALUE_L>3</DOMVALUE_L>
     <DDTEXT>Clearing FI Manual</DDTEXT>
    </DD07V>
    <DD07V>
     <DOMNAME>ZDOI018</DOMNAME>
     <VALPOS>0004</VALPOS>
     <DDLANGUAGE>E</DDLANGUAGE>
     <DOMVALUE_L>4</DOMVALUE_L>
     <DDTEXT>Clearing MM MIGO</DDTEXT>
    </DD07V>
    <DD07V>
     <DOMNAME>ZDOI018</DOMNAME>
     <VALPOS>0005</VALPOS>
     <DDLANGUAGE>E</DDLANGUAGE>
     <DOMVALUE_L>5</DOMVALUE_L>
     <DDTEXT>Reversal Document</DDTEXT>
    </DD07V>
    <DD07V>
     <DOMNAME>ZDOI018</DOMNAME>
     <VALPOS>0006</VALPOS>
     <DDLANGUAGE>E</DDLANGUAGE>
     <DOMVALUE_L>6</DOMVALUE_L>
     <DDTEXT>Reject Park Document</DDTEXT>
    </DD07V>
    <DD07V>
     <DOMNAME>ZDOI018</DOMNAME>
     <VALPOS>0007</VALPOS>
     <DDLANGUAGE>E</DDLANGUAGE>
     <DOMVALUE_L>7</DOMVALUE_L>
     <DDTEXT>Delete Park Document</DDTEXT>
    </DD07V>
    <DD07V>
     <DOMNAME>ZDOI018</DOMNAME>
     <VALPOS>0008</VALPOS>
     <DDLANGUAGE>E</DDLANGUAGE>
     <DOMVALUE_L>8</DOMVALUE_L>
     <DDTEXT>Delete Park Document Trems</DDTEXT>
    </DD07V>
    <DD07V>
     <DOMNAME>ZDOI018</DOMNAME>
     <VALPOS>0009</VALPOS>
     <DDLANGUAGE>E</DDLANGUAGE>
     <DOMVALUE_L>9</DOMVALUE_L>
     <DDTEXT>Reverse Clearing Document</DDTEXT>
    </DD07V>
   </DD07V_TAB>
  </asx:values>
 </asx:abap>
</abapGit>
