﻿<?xml version="1.0" encoding="utf-8"?>
<abapGit version="v1.0.0" serializer="LCL_OBJECT_DTEL" serializer_version="v1.0.0">
 <asx:abap xmlns:asx="http://www.sap.com/abapxml" version="1.0">
  <asx:values>
   <DD04V>
    <ROLLNAME>ZEDATE</ROLLNAME>
    <DDLANGUAGE>E</DDLANGUAGE>
    <DOMNAME>DATS</DOMNAME>
    <HEADLEN>15</HEADLEN>
    <SCRLEN1>10</SCRLEN1>
    <SCRLEN2>11</SCRLEN2>
    <SCRLEN3>15</SCRLEN3>
    <DDTEXT>End Date</DDTEXT>
    <REPTEXT>End Date</REPTEXT>
    <SCRTEXT_S>EndDate</SCRTEXT_S>
    <SCRTEXT_M>End Date</SCRTEXT_M>
    <SCRTEXT_L>End Date</SCRTEXT_L>
    <DTELMASTER>E</DTELMASTER>
    <REFKIND>D</REFKIND>
   </DD04V>
  </asx:values>
 </asx:abap>
</abapGit>
