﻿<?xml version="1.0" encoding="utf-8"?>
<abapGit version="v1.0.0" serializer="LCL_OBJECT_FUGR" serializer_version="v1.0.0">
 <asx:abap xmlns:asx="http://www.sap.com/abapxml" version="1.0">
  <asx:values>
   <AREAT>Function Group Utility</AREAT>
   <INCLUDES>
    <SOBJ_NAME>LZFG_UTILITYTOP</SOBJ_NAME>
    <SOBJ_NAME>SAPLZFG_UTILITY</SOBJ_NAME>
   </INCLUDES>
   <FUNCTIONS>
    <item>
     <FUNCNAME>ZFMUTL_BDD</FUNCNAME>
     <SHORT_TEXT>Function get BDD Not Yet Paid</SHORT_TEXT>
     <IMPORT>
      <RSIMP>
       <PARAMETER>IM_BUKRS</PARAMETER>
       <REFERENCE>X</REFERENCE>
       <TYP>BUKRS</TYP>
      </RSIMP>
      <RSIMP>
       <PARAMETER>IM_BELNR</PARAMETER>
       <REFERENCE>X</REFERENCE>
       <TYP>BELNR_D</TYP>
      </RSIMP>
      <RSIMP>
       <PARAMETER>IM_GJAHR</PARAMETER>
       <REFERENCE>X</REFERENCE>
       <TYP>GJAHR</TYP>
      </RSIMP>
      <RSIMP>
       <PARAMETER>IM_OUTDAT</PARAMETER>
       <REFERENCE>X</REFERENCE>
       <TYP>DATUM</TYP>
      </RSIMP>
     </IMPORT>
     <TABLES>
      <RSTBL>
       <PARAMETER>T_BSEG</PARAMETER>
       <DBSTRUCT>BSEG</DBSTRUCT>
      </RSTBL>
     </TABLES>
     <DOCUMENTATION>
      <RSFDO>
       <PARAMETER>IM_BUKRS</PARAMETER>
       <KIND>P</KIND>
       <STEXT>Company Code</STEXT>
      </RSFDO>
      <RSFDO>
       <PARAMETER>IM_BELNR</PARAMETER>
       <KIND>P</KIND>
       <STEXT>Assignment of Item Numbers: Material Doc. - Purchasing Doc.</STEXT>
      </RSFDO>
      <RSFDO>
       <PARAMETER>IM_GJAHR</PARAMETER>
       <KIND>P</KIND>
       <STEXT>Fiscal Year</STEXT>
      </RSFDO>
      <RSFDO>
       <PARAMETER>IM_OUTDAT</PARAMETER>
       <KIND>P</KIND>
       <STEXT>Date</STEXT>
      </RSFDO>
      <RSFDO>
       <PARAMETER>T_BSEG</PARAMETER>
       <KIND>P</KIND>
       <STEXT>Accounting Document Segment</STEXT>
      </RSFDO>
     </DOCUMENTATION>
    </item>
    <item>
     <FUNCNAME>ZFMUTL_LASTLOGON</FUNCNAME>
     <REMOTE_CALL>R</REMOTE_CALL>
     <SHORT_TEXT>RFC to check user last logon</SHORT_TEXT>
     <IMPORT>
      <RSIMP>
       <PARAMETER>IM_DAYS_LASTLOGON</PARAMETER>
       <DEFAULT>&apos;1&apos;</DEFAULT>
       <TYP>I</TYP>
      </RSIMP>
     </IMPORT>
     <TABLES>
      <RSTBL>
       <PARAMETER>T_CLASS</PARAMETER>
       <DBSTRUCT>ZSTUTL001</DBSTRUCT>
      </RSTBL>
      <RSTBL>
       <PARAMETER>T_LASTLOGON</PARAMETER>
       <DBSTRUCT>ZUTIL001</DBSTRUCT>
      </RSTBL>
     </TABLES>
     <DOCUMENTATION>
      <RSFDO>
       <PARAMETER>IM_DAYS_LASTLOGON</PARAMETER>
       <KIND>P</KIND>
       <STEXT>No. days since last logon</STEXT>
      </RSFDO>
      <RSFDO>
       <PARAMETER>T_CLASS</PARAMETER>
       <KIND>P</KIND>
       <STEXT>Structure form user</STEXT>
      </RSFDO>
      <RSFDO>
       <PARAMETER>T_LASTLOGON</PARAMETER>
       <KIND>P</KIND>
       <STEXT>Structure for RFC ZFMUTL_LASTLOGON</STEXT>
      </RSFDO>
     </DOCUMENTATION>
    </item>
    <item>
     <FUNCNAME>ZFMUTL_SFTP</FUNCNAME>
     <REMOTE_CALL>R</REMOTE_CALL>
     <SHORT_TEXT>SFTP File</SHORT_TEXT>
     <IMPORT>
      <RSIMP>
       <PARAMETER>IM_USER</PARAMETER>
       <TYP>UNAME</TYP>
      </RSIMP>
      <RSIMP>
       <PARAMETER>IM_IPTARGET</PARAMETER>
       <TYP>ZDE_IPTARGET</TYP>
      </RSIMP>
      <RSIMP>
       <PARAMETER>IM_TARGET_DIR</PARAMETER>
       <TYP>CHAR200</TYP>
      </RSIMP>
      <RSIMP>
       <PARAMETER>IM_FILE_SOURCE</PARAMETER>
       <TYP>CHAR200</TYP>
      </RSIMP>
     </IMPORT>
     <EXPORT>
      <RSEXP>
       <PARAMETER>RETURN</PARAMETER>
       <TYP>CHAR100</TYP>
      </RSEXP>
     </EXPORT>
     <DOCUMENTATION>
      <RSFDO>
       <PARAMETER>IM_USER</PARAMETER>
       <KIND>P</KIND>
       <STEXT>User Name</STEXT>
      </RSFDO>
      <RSFDO>
       <PARAMETER>IM_IPTARGET</PARAMETER>
       <KIND>P</KIND>
       <STEXT>IP Target</STEXT>
      </RSFDO>
      <RSFDO>
       <PARAMETER>IM_TARGET_DIR</PARAMETER>
       <KIND>P</KIND>
       <STEXT>Text field length 200</STEXT>
      </RSFDO>
      <RSFDO>
       <PARAMETER>IM_FILE_SOURCE</PARAMETER>
       <KIND>P</KIND>
       <STEXT>Text field length 200</STEXT>
      </RSFDO>
      <RSFDO>
       <PARAMETER>RETURN</PARAMETER>
       <KIND>P</KIND>
       <STEXT>Character Field Length = 25</STEXT>
      </RSFDO>
     </DOCUMENTATION>
    </item>
    <item>
     <FUNCNAME>ZFMUTL_SMS_GATEWAY</FUNCNAME>
     <REMOTE_CALL>R</REMOTE_CALL>
     <SHORT_TEXT>SMS Gate Way</SHORT_TEXT>
     <IMPORT>
      <RSIMP>
       <PARAMETER>NO_TELP</PARAMETER>
       <TYP>ZNUMTEL</TYP>
      </RSIMP>
      <RSIMP>
       <PARAMETER>MESSAGE</PARAMETER>
       <TYP>ZMESSAGE</TYP>
      </RSIMP>
     </IMPORT>
     <EXPORT>
      <RSEXP>
       <PARAMETER>RETURN</PARAMETER>
       <TYP>CHAR100</TYP>
      </RSEXP>
     </EXPORT>
     <DOCUMENTATION>
      <RSFDO>
       <PARAMETER>NO_TELP</PARAMETER>
       <KIND>P</KIND>
       <STEXT>Number Telphone</STEXT>
      </RSFDO>
      <RSFDO>
       <PARAMETER>MESSAGE</PARAMETER>
       <KIND>P</KIND>
       <STEXT>Message SMS gate Way</STEXT>
      </RSFDO>
      <RSFDO>
       <PARAMETER>RETURN</PARAMETER>
       <KIND>P</KIND>
       <STEXT>Character Field Length = 25</STEXT>
      </RSFDO>
     </DOCUMENTATION>
    </item>
    <item>
     <FUNCNAME>ZRFC_USER_UNLOCK</FUNCNAME>
     <REMOTE_CALL>R</REMOTE_CALL>
     <SHORT_TEXT>Unlock User</SHORT_TEXT>
     <IMPORT>
      <RSIMP>
       <PARAMETER>USERNAME</PARAMETER>
       <DBFIELD>BAPIBNAME-BAPIBNAME</DBFIELD>
      </RSIMP>
     </IMPORT>
     <TABLES>
      <RSTBL>
       <PARAMETER>RETURN</PARAMETER>
       <DBSTRUCT>BAPIRET2</DBSTRUCT>
      </RSTBL>
     </TABLES>
     <DOCUMENTATION>
      <RSFDO>
       <PARAMETER>USERNAME</PARAMETER>
       <KIND>P</KIND>
       <STEXT>User Name in User Master Record</STEXT>
      </RSFDO>
      <RSFDO>
       <PARAMETER>RETURN</PARAMETER>
       <KIND>P</KIND>
       <STEXT>Return Parameter</STEXT>
      </RSFDO>
     </DOCUMENTATION>
    </item>
   </FUNCTIONS>
  </asx:values>
 </asx:abap>
</abapGit>
