﻿<?xml version="1.0" encoding="utf-8"?>
<abapGit version="v1.0.0" serializer="LCL_OBJECT_FUGR" serializer_version="v1.0.0">
 <asx:abap xmlns:asx="http://www.sap.com/abapxml" version="1.0">
  <asx:values>
   <AREAT>Function Group Intercompany</AREAT>
   <INCLUDES>
    <SOBJ_NAME>LZFGINTERCO2TOP</SOBJ_NAME>
    <SOBJ_NAME>SAPLZFGINTERCO2</SOBJ_NAME>
   </INCLUDES>
   <FUNCTIONS>
    <item>
     <FUNCNAME>ZRFC_IC_SET_TABLE_WSDL3</FUNCNAME>
     <REMOTE_CALL>R</REMOTE_CALL>
     <SHORT_TEXT>Function Module WSDL set table interco</SHORT_TEXT>
     <IMPORT>
      <RSIMP>
       <PARAMETER>LT_ZINTER001</PARAMETER>
       <OPTIONAL>X</OPTIONAL>
       <TYP>ZST_INTER001</TYP>
      </RSIMP>
      <RSIMP>
       <PARAMETER>LT_ZINTER002</PARAMETER>
       <OPTIONAL>X</OPTIONAL>
       <TYP>ZST_INTER02</TYP>
      </RSIMP>
     </IMPORT>
     <EXPORT>
      <RSEXP>
       <PARAMETER>MESSAGE_TEXT</PARAMETER>
       <TYP>SY-LISEL</TYP>
      </RSEXP>
      <RSEXP>
       <PARAMETER>SUBRC</PARAMETER>
       <TYP>SY-SUBRC</TYP>
      </RSEXP>
     </EXPORT>
     <DOCUMENTATION>
      <RSFDO>
       <PARAMETER>LT_ZINTER001</PARAMETER>
       <KIND>P</KIND>
       <STEXT>History Transaction Intercompany</STEXT>
      </RSFDO>
      <RSFDO>
       <PARAMETER>LT_ZINTER002</PARAMETER>
       <KIND>P</KIND>
       <STEXT>Clearing Document Intercompany</STEXT>
      </RSFDO>
      <RSFDO>
       <PARAMETER>MESSAGE_TEXT</PARAMETER>
       <KIND>P</KIND>
       <STEXT>Contents of a Selected List Line</STEXT>
      </RSFDO>
      <RSFDO>
       <PARAMETER>SUBRC</PARAMETER>
       <KIND>P</KIND>
       <STEXT>Return Value of ABAP Statements</STEXT>
      </RSFDO>
     </DOCUMENTATION>
    </item>
   </FUNCTIONS>
  </asx:values>
 </asx:abap>
</abapGit>
