﻿<?xml version="1.0" encoding="utf-8"?>
<abapGit version="v1.0.0" serializer="LCL_OBJECT_SXCI" serializer_version="v1.0.0">
 <asx:abap xmlns:asx="http://www.sap.com/abapxml" version="1.0">
  <asx:values>
   <SXCI>
    <IMPLEMENTATION_DATA>
     <IMP_NAME>ZFI_HEADER_SUB_1300X</IMP_NAME>
     <TEXT>Export to memory for delete parking doc in intercompany</TEXT>
     <IMP_CLASS>ZCL_IM_FI_HEADER_SUB_1300X</IMP_CLASS>
     <EXIT_NAME>FI_HEADER_SUB_1300</EXIT_NAME>
     <INTER_NAME>IF_EX_FI_HEADER_SUB_1300</INTER_NAME>
    </IMPLEMENTATION_DATA>
    <SCREENS>
     <item>
      <EXIT_NAME>FI_HEADER_SUB_1300</EXIT_NAME>
      <SCR_A_PROG>SAPMF05A</SCR_A_PROG>
      <SCR_A_NUM>1300</SCR_A_NUM>
      <SCR_A_SSCR>APPL_SUB</SCR_A_SSCR>
      <IMP_NAME>ZFI_HEADER_SUB_1300X</IMP_NAME>
      <SPRSL>E</SPRSL>
      <SCR_TEXT>Document Header Enhancement</SCR_TEXT>
     </item>
    </SCREENS>
    <FILTERS>
     <item>
      <FLT_VAL>ID</FLT_VAL>
     </item>
    </FILTERS>
   </SXCI>
  </asx:values>
 </asx:abap>
</abapGit>
