﻿<?xml version="1.0" encoding="utf-8"?>
<abapGit version="v1.0.0" serializer="LCL_OBJECT_TABL" serializer_version="v1.0.0">
 <asx:abap xmlns:asx="http://www.sap.com/abapxml" version="1.0">
  <asx:values>
   <DD02V>
    <TABNAME>ZINTER010</TABNAME>
    <DDLANGUAGE>E</DDLANGUAGE>
    <TABCLASS>TRANSP</TABCLASS>
    <CLIDEP>X</CLIDEP>
    <DDTEXT>Master Table Akun Trems</DDTEXT>
    <MAINFLAG>X</MAINFLAG>
    <CONTFLAG>A</CONTFLAG>
    <EXCLASS>4</EXCLASS>
   </DD02V>
   <DD09L>
    <TABNAME>ZINTER010</TABNAME>
    <AS4LOCAL>A</AS4LOCAL>
    <TABKAT>1</TABKAT>
    <TABART>APPL1</TABART>
    <BUFALLOW>N</BUFALLOW>
   </DD09L>
   <DD03P_TABLE>
    <DD03P>
     <FIELDNAME>MANDT</FIELDNAME>
     <KEYFLAG>X</KEYFLAG>
     <ROLLNAME>S_MANDT</ROLLNAME>
     <ADMINFIELD>0</ADMINFIELD>
     <NOTNULL>X</NOTNULL>
     <COMPTYPE>E</COMPTYPE>
    </DD03P>
    <DD03P>
     <FIELDNAME>HKONT</FIELDNAME>
     <KEYFLAG>X</KEYFLAG>
     <ROLLNAME>HKONT</ROLLNAME>
     <ADMINFIELD>0</ADMINFIELD>
     <NOTNULL>X</NOTNULL>
     <SHLPORIGIN>X</SHLPORIGIN>
     <COMPTYPE>E</COMPTYPE>
    </DD03P>
    <DD03P>
     <FIELDNAME>TYPE</FIELDNAME>
     <KEYFLAG>X</KEYFLAG>
     <ROLLNAME>CHAR1</ROLLNAME>
     <ADMINFIELD>0</ADMINFIELD>
     <NOTNULL>X</NOTNULL>
     <COMPTYPE>E</COMPTYPE>
    </DD03P>
   </DD03P_TABLE>
   <DD35V_TALE>
    <DD35V>
     <FIELDNAME>HKONT</FIELDNAME>
     <SHLPNAME>SAKO</SHLPNAME>
    </DD35V>
   </DD35V_TALE>
   <DD36M>
    <DD36M>
     <FIELDNAME>HKONT</FIELDNAME>
     <SHLPNAME>SAKO</SHLPNAME>
     <SHLPFIELD>BUKRS</SHLPFIELD>
     <FLPOSITION>0003</FLPOSITION>
     <SHTYPE>G</SHTYPE>
     <SHLPINPUT>X</SHLPINPUT>
     <SHLPOUTPUT>X</SHLPOUTPUT>
     <ROLLNAME>BUKRS</ROLLNAME>
     <DOMNAME>BUKRS</DOMNAME>
     <DATATYPE>CHAR</DATATYPE>
     <LENG>000004</LENG>
    </DD36M>
    <DD36M>
     <FIELDNAME>HKONT</FIELDNAME>
     <SHLPNAME>SAKO</SHLPNAME>
     <SHLPFIELD>KTOPL</SHLPFIELD>
     <FLPOSITION>0004</FLPOSITION>
     <SHTYPE>G</SHTYPE>
     <SHLPINPUT>X</SHLPINPUT>
     <SHLPOUTPUT>X</SHLPOUTPUT>
     <ROLLNAME>KTOPL</ROLLNAME>
     <DOMNAME>KTOPL</DOMNAME>
     <DATATYPE>CHAR</DATATYPE>
     <LENG>000004</LENG>
    </DD36M>
    <DD36M>
     <FIELDNAME>HKONT</FIELDNAME>
     <SHLPNAME>SAKO</SHLPNAME>
     <SHLPFIELD>SAKAN</SHLPFIELD>
     <FLPOSITION>0002</FLPOSITION>
     <SHTYPE>G</SHTYPE>
     <SHLPINPUT>X</SHLPINPUT>
     <ROLLNAME>SAKAN</ROLLNAME>
     <DOMNAME>CHAR10</DOMNAME>
     <DATATYPE>CHAR</DATATYPE>
     <LENG>000010</LENG>
    </DD36M>
    <DD36M>
     <FIELDNAME>HKONT</FIELDNAME>
     <SHLPNAME>SAKO</SHLPNAME>
     <SHLPFIELD>SAKNR</SHLPFIELD>
     <FLPOSITION>0001</FLPOSITION>
     <SHTABLE>ZINTER010</SHTABLE>
     <SHFIELD>HKONT</SHFIELD>
     <SHLPOUTPUT>X</SHLPOUTPUT>
     <ROLLNAME>SAKNR</ROLLNAME>
     <DOMNAME>SAKNR</DOMNAME>
     <DATATYPE>CHAR</DATATYPE>
     <LENG>000010</LENG>
    </DD36M>
   </DD36M>
   <TABL_EXTRAS>
    <TDDAT>
     <TABNAME>ZINTER010</TABNAME>
     <CCLASS>&amp;NC&amp;</CCLASS>
    </TDDAT>
   </TABL_EXTRAS>
  </asx:values>
 </asx:abap>
</abapGit>
