﻿<?xml version="1.0" encoding="utf-8"?>
<abapGit version="v1.0.0" serializer="LCL_OBJECT_NROB" serializer_version="v1.0.0">
 <asx:abap xmlns:asx="http://www.sap.com/abapxml" version="1.0">
  <asx:values>
   <ATTRIBUTES>
    <OBJECT>ZINTERCO</OBJECT>
    <DOMLEN>NUM10</DOMLEN>
    <PERCENTAGE>10.0</PERCENTAGE>
   </ATTRIBUTES>
   <TEXT>
    <LANGU>E</LANGU>
    <OBJECT>ZINTERCO</OBJECT>
    <TXT>ZINTERCO</TXT>
    <TXTSHORT>ZINTERCO</TXTSHORT>
   </TEXT>
  </asx:values>
 </asx:abap>
</abapGit>
