﻿<?xml version="1.0" encoding="utf-8"?>
<abapGit version="v1.0.0" serializer="LCL_OBJECT_DTEL" serializer_version="v1.0.0">
 <asx:abap xmlns:asx="http://www.sap.com/abapxml" version="1.0">
  <asx:values>
   <DD04V>
    <ROLLNAME>ZKODE_INTERCO</ROLLNAME>
    <DDLANGUAGE>E</DDLANGUAGE>
    <HEADLEN>17</HEADLEN>
    <SCRLEN1>10</SCRLEN1>
    <SCRLEN2>15</SCRLEN2>
    <SCRLEN3>20</SCRLEN3>
    <DDTEXT>Coode Exit Intercompany</DDTEXT>
    <REPTEXT>Code intercompany</REPTEXT>
    <SCRTEXT_S>Kode Intre</SCRTEXT_S>
    <SCRTEXT_M>Code interco</SCRTEXT_M>
    <SCRTEXT_L>Code intrercompany</SCRTEXT_L>
    <DTELMASTER>E</DTELMASTER>
    <DATATYPE>CHAR</DATATYPE>
    <LENG>000010</LENG>
    <OUTPUTLEN>000010</OUTPUTLEN>
   </DD04V>
  </asx:values>
 </asx:abap>
</abapGit>
