﻿<?xml version="1.0" encoding="utf-8"?>
<abapGit version="v1.0.0" serializer="LCL_OBJECT_DTEL" serializer_version="v1.0.0">
 <asx:abap xmlns:asx="http://www.sap.com/abapxml" version="1.0">
  <asx:values>
   <DD04V>
    <ROLLNAME>ZMESSAGE</ROLLNAME>
    <DDLANGUAGE>E</DDLANGUAGE>
    <HEADLEN>55</HEADLEN>
    <SCRLEN1>10</SCRLEN1>
    <SCRLEN2>15</SCRLEN2>
    <SCRLEN3>20</SCRLEN3>
    <DDTEXT>Message SMS gate Way</DDTEXT>
    <REPTEXT>Message SMS gate way</REPTEXT>
    <SCRTEXT_S>Message</SCRTEXT_S>
    <SCRTEXT_M>Message</SCRTEXT_M>
    <SCRTEXT_L>Message SMS gate way</SCRTEXT_L>
    <DTELMASTER>E</DTELMASTER>
    <DATATYPE>CHAR</DATATYPE>
    <LENG>000500</LENG>
    <OUTPUTLEN>000500</OUTPUTLEN>
   </DD04V>
  </asx:values>
 </asx:abap>
</abapGit>
