﻿<?xml version="1.0" encoding="utf-8"?>
<abapGit version="v1.0.0" serializer="LCL_OBJECT_TABL" serializer_version="v1.0.0">
 <asx:abap xmlns:asx="http://www.sap.com/abapxml" version="1.0">
  <asx:values>
   <DD02V>
    <TABNAME>ZRFBILA_ALV_DATA_METRA</TABNAME>
    <DDLANGUAGE>E</DDLANGUAGE>
    <TABCLASS>INTTAB</TABCLASS>
    <DDTEXT>Data for Financial Statement Reporting with ALV</DDTEXT>
    <EXCLASS>3</EXCLASS>
   </DD02V>
   <DD03P_TABLE>
    <DD03P>
     <FIELDNAME>CHANGID</FIELDNAME>
     <ROLLNAME>SEU_ID</ROLLNAME>
     <ADMINFIELD>0</ADMINFIELD>
     <COMPTYPE>E</COMPTYPE>
    </DD03P>
    <DD03P>
     <FIELDNAME>PARENT</FIELDNAME>
     <ROLLNAME>SEU_ID</ROLLNAME>
     <ADMINFIELD>0</ADMINFIELD>
     <COMPTYPE>E</COMPTYPE>
    </DD03P>
    <DD03P>
     <FIELDNAME>ID</FIELDNAME>
     <ROLLNAME>SEU_ID</ROLLNAME>
     <ADMINFIELD>0</ADMINFIELD>
     <COMPTYPE>E</COMPTYPE>
    </DD03P>
    <DD03P>
     <FIELDNAME>ERGSL</FIELDNAME>
     <ROLLNAME>ERGSL</ROLLNAME>
     <ADMINFIELD>0</ADMINFIELD>
     <COMPTYPE>E</COMPTYPE>
    </DD03P>
    <DD03P>
     <FIELDNAME>RLDNR</FIELDNAME>
     <ROLLNAME>RLDNR</ROLLNAME>
     <CHECKTABLE>T881</CHECKTABLE>
     <ADMINFIELD>0</ADMINFIELD>
     <SHLPORIGIN>P</SHLPORIGIN>
     <SHLPNAME>H_T881</SHLPNAME>
     <SHLPFIELD>RLDNR</SHLPFIELD>
     <COMPTYPE>E</COMPTYPE>
    </DD03P>
    <DD03P>
     <FIELDNAME>RRCTY</FIELDNAME>
     <ROLLNAME>RRCTY</ROLLNAME>
     <ADMINFIELD>0</ADMINFIELD>
     <VALEXI>X</VALEXI>
     <SHLPORIGIN>F</SHLPORIGIN>
     <COMPTYPE>E</COMPTYPE>
    </DD03P>
    <DD03P>
     <FIELDNAME>RVERS</FIELDNAME>
     <ROLLNAME>RVERS</ROLLNAME>
     <ADMINFIELD>0</ADMINFIELD>
     <COMPTYPE>E</COMPTYPE>
    </DD03P>
    <DD03P>
     <FIELDNAME>CURTP</FIELDNAME>
     <ROLLNAME>ALLGCRTP</ROLLNAME>
     <ADMINFIELD>0</ADMINFIELD>
     <VALEXI>X</VALEXI>
     <SHLPORIGIN>F</SHLPORIGIN>
     <COMPTYPE>E</COMPTYPE>
    </DD03P>
    <DD03P>
     <FIELDNAME>KTOPL</FIELDNAME>
     <ROLLNAME>KTOPL</ROLLNAME>
     <CHECKTABLE>T004</CHECKTABLE>
     <ADMINFIELD>0</ADMINFIELD>
     <SHLPORIGIN>P</SHLPORIGIN>
     <SHLPNAME>C_KTOPL</SHLPNAME>
     <SHLPFIELD>KTOPL</SHLPFIELD>
     <COMPTYPE>E</COMPTYPE>
    </DD03P>
    <DD03P>
     <FIELDNAME>RACCT</FIELDNAME>
     <ROLLNAME>RACCT</ROLLNAME>
     <CHECKTABLE>SKA1</CHECKTABLE>
     <ADMINFIELD>0</ADMINFIELD>
     <SHLPORIGIN>P</SHLPORIGIN>
     <COMPTYPE>E</COMPTYPE>
    </DD03P>
    <DD03P>
     <FIELDNAME>KKTPL</FIELDNAME>
     <ROLLNAME>KKTPL</ROLLNAME>
     <CHECKTABLE>T004</CHECKTABLE>
     <ADMINFIELD>0</ADMINFIELD>
     <SHLPORIGIN>P</SHLPORIGIN>
     <COMPTYPE>E</COMPTYPE>
    </DD03P>
    <DD03P>
     <FIELDNAME>BILKT</FIELDNAME>
     <ROLLNAME>BILKT</ROLLNAME>
     <CHECKTABLE>SKA1</CHECKTABLE>
     <ADMINFIELD>0</ADMINFIELD>
     <SHLPORIGIN>P</SHLPORIGIN>
     <COMPTYPE>E</COMPTYPE>
    </DD03P>
    <DD03P>
     <FIELDNAME>KTOP2</FIELDNAME>
     <ROLLNAME>KTOP2</ROLLNAME>
     <CHECKTABLE>T004</CHECKTABLE>
     <ADMINFIELD>0</ADMINFIELD>
     <SHLPORIGIN>P</SHLPORIGIN>
     <COMPTYPE>E</COMPTYPE>
    </DD03P>
    <DD03P>
     <FIELDNAME>ALTKT</FIELDNAME>
     <ROLLNAME>ALTKT_SKB1</ROLLNAME>
     <CHECKTABLE>SKA1</CHECKTABLE>
     <ADMINFIELD>0</ADMINFIELD>
     <SHLPORIGIN>P</SHLPORIGIN>
     <COMPTYPE>E</COMPTYPE>
    </DD03P>
    <DD03P>
     <FIELDNAME>RBUKRS</FIELDNAME>
     <ROLLNAME>BUKRS</ROLLNAME>
     <CHECKTABLE>T001</CHECKTABLE>
     <ADMINFIELD>0</ADMINFIELD>
     <SHLPORIGIN>P</SHLPORIGIN>
     <SHLPNAME>C_T001</SHLPNAME>
     <SHLPFIELD>BUKRS</SHLPFIELD>
     <COMPTYPE>E</COMPTYPE>
    </DD03P>
    <DD03P>
     <FIELDNAME>RBUSA</FIELDNAME>
     <ROLLNAME>GSBER</ROLLNAME>
     <CHECKTABLE>TGSB</CHECKTABLE>
     <ADMINFIELD>0</ADMINFIELD>
     <SHLPORIGIN>P</SHLPORIGIN>
     <COMPTYPE>E</COMPTYPE>
    </DD03P>
    <DD03P>
     <FIELDNAME>RFAREA</FIELDNAME>
     <ROLLNAME>FKBER</ROLLNAME>
     <ADMINFIELD>0</ADMINFIELD>
     <COMPTYPE>E</COMPTYPE>
    </DD03P>
    <DD03P>
     <FIELDNAME>WAERS</FIELDNAME>
     <ROLLNAME>WAERS</ROLLNAME>
     <CHECKTABLE>TCURC</CHECKTABLE>
     <ADMINFIELD>0</ADMINFIELD>
     <SHLPORIGIN>P</SHLPORIGIN>
     <COMPTYPE>E</COMPTYPE>
    </DD03P>
    <DD03P>
     <FIELDNAME>PERIOD_SIGN</FIELDNAME>
     <ROLLNAME>BSPL_PERIOD_SIGN</ROLLNAME>
     <ADMINFIELD>0</ADMINFIELD>
     <VALEXI>X</VALEXI>
     <SHLPORIGIN>F</SHLPORIGIN>
     <COMPTYPE>E</COMPTYPE>
    </DD03P>
    <DD03P>
     <FIELDNAME>RYEAR</FIELDNAME>
     <ROLLNAME>GJAHR</ROLLNAME>
     <ADMINFIELD>0</ADMINFIELD>
     <COMPTYPE>E</COMPTYPE>
    </DD03P>
    <DD03P>
     <FIELDNAME>POPER</FIELDNAME>
     <ROLLNAME>POPER</ROLLNAME>
     <ADMINFIELD>0</ADMINFIELD>
     <COMPTYPE>E</COMPTYPE>
    </DD03P>
    <DD03P>
     <FIELDNAME>SALDO</FIELDNAME>
     <ROLLNAME>RR_UMPER</ROLLNAME>
     <ADMINFIELD>0</ADMINFIELD>
     <REFTABLE>ZRFBILA_ALV_DATA_METRA</REFTABLE>
     <REFFIELD>WAERS</REFFIELD>
     <COMPTYPE>E</COMPTYPE>
    </DD03P>
    <DD03P>
     <FIELDNAME>WRBTR_STR</FIELDNAME>
     <ROLLNAME>ZWRBTR_STR</ROLLNAME>
     <ADMINFIELD>0</ADMINFIELD>
     <REFTABLE>ZRFBILA_ALV_DATA_METRA</REFTABLE>
     <REFFIELD>WAERS</REFFIELD>
     <COMPTYPE>E</COMPTYPE>
    </DD03P>
    <DD03P>
     <FIELDNAME>WRBTR_DB</FIELDNAME>
     <ROLLNAME>ZWRBTR_DB</ROLLNAME>
     <ADMINFIELD>0</ADMINFIELD>
     <REFTABLE>ZRFBILA_ALV_DATA_METRA</REFTABLE>
     <REFFIELD>WAERS</REFFIELD>
     <COMPTYPE>E</COMPTYPE>
    </DD03P>
    <DD03P>
     <FIELDNAME>WRBTR_CR</FIELDNAME>
     <ROLLNAME>ZWRBTR_CR</ROLLNAME>
     <ADMINFIELD>0</ADMINFIELD>
     <REFTABLE>ZRFBILA_ALV_DATA_METRA</REFTABLE>
     <REFFIELD>WAERS</REFFIELD>
     <COMPTYPE>E</COMPTYPE>
    </DD03P>
    <DD03P>
     <FIELDNAME>WRBTR_END</FIELDNAME>
     <ROLLNAME>ZWRBTR_TB</ROLLNAME>
     <ADMINFIELD>0</ADMINFIELD>
     <REFTABLE>ZRFBILA_ALV_DATA_METRA</REFTABLE>
     <REFFIELD>WAERS</REFFIELD>
     <COMPTYPE>E</COMPTYPE>
    </DD03P>
   </DD03P_TABLE>
   <DD05M_TABLE>
    <DD05M>
     <FIELDNAME>ALTKT</FIELDNAME>
     <FORTABLE>SYST</FORTABLE>
     <FORKEY>MANDT</FORKEY>
     <CHECKTABLE>SKA1</CHECKTABLE>
     <CHECKFIELD>MANDT</CHECKFIELD>
     <PRIMPOS>0001</PRIMPOS>
     <DOMNAME>MANDT</DOMNAME>
     <DATATYPE>CLNT</DATATYPE>
     <LENG>000003</LENG>
    </DD05M>
    <DD05M>
     <FIELDNAME>ALTKT</FIELDNAME>
     <FORTABLE>ZRFBILA_ALV_DATA_METRA</FORTABLE>
     <FORKEY>KTOPL</FORKEY>
     <CHECKTABLE>SKA1</CHECKTABLE>
     <CHECKFIELD>KTOPL</CHECKFIELD>
     <PRIMPOS>0002</PRIMPOS>
     <DOMNAME>KTOPL</DOMNAME>
     <DATATYPE>CHAR</DATATYPE>
     <LENG>000004</LENG>
    </DD05M>
    <DD05M>
     <FIELDNAME>ALTKT</FIELDNAME>
     <FORTABLE>ZRFBILA_ALV_DATA_METRA</FORTABLE>
     <FORKEY>ALTKT</FORKEY>
     <CHECKTABLE>SKA1</CHECKTABLE>
     <CHECKFIELD>SAKNR</CHECKFIELD>
     <PRIMPOS>0003</PRIMPOS>
     <DOMNAME>SAKNR</DOMNAME>
     <DATATYPE>CHAR</DATATYPE>
     <LENG>000010</LENG>
    </DD05M>
    <DD05M>
     <FIELDNAME>BILKT</FIELDNAME>
     <FORTABLE>SYST</FORTABLE>
     <FORKEY>MANDT</FORKEY>
     <CHECKTABLE>SKA1</CHECKTABLE>
     <CHECKFIELD>MANDT</CHECKFIELD>
     <PRIMPOS>0001</PRIMPOS>
     <DOMNAME>MANDT</DOMNAME>
     <DATATYPE>CLNT</DATATYPE>
     <LENG>000003</LENG>
    </DD05M>
    <DD05M>
     <FIELDNAME>BILKT</FIELDNAME>
     <FORTABLE>ZRFBILA_ALV_DATA_METRA</FORTABLE>
     <FORKEY>KTOPL</FORKEY>
     <CHECKTABLE>SKA1</CHECKTABLE>
     <CHECKFIELD>KTOPL</CHECKFIELD>
     <PRIMPOS>0002</PRIMPOS>
     <DOMNAME>KTOPL</DOMNAME>
     <DATATYPE>CHAR</DATATYPE>
     <LENG>000004</LENG>
    </DD05M>
    <DD05M>
     <FIELDNAME>BILKT</FIELDNAME>
     <FORTABLE>ZRFBILA_ALV_DATA_METRA</FORTABLE>
     <FORKEY>BILKT</FORKEY>
     <CHECKTABLE>SKA1</CHECKTABLE>
     <CHECKFIELD>SAKNR</CHECKFIELD>
     <PRIMPOS>0003</PRIMPOS>
     <DOMNAME>SAKNR</DOMNAME>
     <DATATYPE>CHAR</DATATYPE>
     <LENG>000010</LENG>
    </DD05M>
    <DD05M>
     <FIELDNAME>KKTPL</FIELDNAME>
     <FORTABLE>SYST</FORTABLE>
     <FORKEY>MANDT</FORKEY>
     <CHECKTABLE>T004</CHECKTABLE>
     <CHECKFIELD>MANDT</CHECKFIELD>
     <PRIMPOS>0001</PRIMPOS>
     <DOMNAME>MANDT</DOMNAME>
     <DATATYPE>CLNT</DATATYPE>
     <LENG>000003</LENG>
    </DD05M>
    <DD05M>
     <FIELDNAME>KKTPL</FIELDNAME>
     <FORTABLE>ZRFBILA_ALV_DATA_METRA</FORTABLE>
     <FORKEY>KKTPL</FORKEY>
     <CHECKTABLE>T004</CHECKTABLE>
     <CHECKFIELD>KTOPL</CHECKFIELD>
     <PRIMPOS>0002</PRIMPOS>
     <DOMNAME>KTOPL</DOMNAME>
     <DATATYPE>CHAR</DATATYPE>
     <LENG>000004</LENG>
    </DD05M>
    <DD05M>
     <FIELDNAME>KTOP2</FIELDNAME>
     <FORTABLE>SYST</FORTABLE>
     <FORKEY>MANDT</FORKEY>
     <CHECKTABLE>T004</CHECKTABLE>
     <CHECKFIELD>MANDT</CHECKFIELD>
     <PRIMPOS>0001</PRIMPOS>
     <DOMNAME>MANDT</DOMNAME>
     <DATATYPE>CLNT</DATATYPE>
     <LENG>000003</LENG>
    </DD05M>
    <DD05M>
     <FIELDNAME>KTOP2</FIELDNAME>
     <FORTABLE>ZRFBILA_ALV_DATA_METRA</FORTABLE>
     <FORKEY>KTOP2</FORKEY>
     <CHECKTABLE>T004</CHECKTABLE>
     <CHECKFIELD>KTOPL</CHECKFIELD>
     <PRIMPOS>0002</PRIMPOS>
     <DOMNAME>KTOPL</DOMNAME>
     <DATATYPE>CHAR</DATATYPE>
     <LENG>000004</LENG>
    </DD05M>
    <DD05M>
     <FIELDNAME>KTOPL</FIELDNAME>
     <FORTABLE>SYST</FORTABLE>
     <FORKEY>MANDT</FORKEY>
     <CHECKTABLE>T004</CHECKTABLE>
     <CHECKFIELD>MANDT</CHECKFIELD>
     <PRIMPOS>0001</PRIMPOS>
     <DOMNAME>MANDT</DOMNAME>
     <DATATYPE>CLNT</DATATYPE>
     <LENG>000003</LENG>
    </DD05M>
    <DD05M>
     <FIELDNAME>KTOPL</FIELDNAME>
     <FORTABLE>ZRFBILA_ALV_DATA_METRA</FORTABLE>
     <FORKEY>KTOPL</FORKEY>
     <CHECKTABLE>T004</CHECKTABLE>
     <CHECKFIELD>KTOPL</CHECKFIELD>
     <PRIMPOS>0002</PRIMPOS>
     <DOMNAME>KTOPL</DOMNAME>
     <DATATYPE>CHAR</DATATYPE>
     <LENG>000004</LENG>
    </DD05M>
    <DD05M>
     <FIELDNAME>RACCT</FIELDNAME>
     <FORTABLE>SYST</FORTABLE>
     <FORKEY>MANDT</FORKEY>
     <CHECKTABLE>SKA1</CHECKTABLE>
     <CHECKFIELD>MANDT</CHECKFIELD>
     <PRIMPOS>0001</PRIMPOS>
     <DOMNAME>MANDT</DOMNAME>
     <DATATYPE>CLNT</DATATYPE>
     <LENG>000003</LENG>
    </DD05M>
    <DD05M>
     <FIELDNAME>RACCT</FIELDNAME>
     <FORTABLE>ZRFBILA_ALV_DATA_METRA</FORTABLE>
     <FORKEY>KTOPL</FORKEY>
     <CHECKTABLE>SKA1</CHECKTABLE>
     <CHECKFIELD>KTOPL</CHECKFIELD>
     <PRIMPOS>0002</PRIMPOS>
     <DOMNAME>KTOPL</DOMNAME>
     <DATATYPE>CHAR</DATATYPE>
     <LENG>000004</LENG>
    </DD05M>
    <DD05M>
     <FIELDNAME>RACCT</FIELDNAME>
     <FORTABLE>ZRFBILA_ALV_DATA_METRA</FORTABLE>
     <FORKEY>RACCT</FORKEY>
     <CHECKTABLE>SKA1</CHECKTABLE>
     <CHECKFIELD>SAKNR</CHECKFIELD>
     <PRIMPOS>0003</PRIMPOS>
     <DOMNAME>SAKNR</DOMNAME>
     <DATATYPE>CHAR</DATATYPE>
     <LENG>000010</LENG>
    </DD05M>
    <DD05M>
     <FIELDNAME>RBUKRS</FIELDNAME>
     <FORTABLE>SYST</FORTABLE>
     <FORKEY>MANDT</FORKEY>
     <CHECKTABLE>T001</CHECKTABLE>
     <CHECKFIELD>MANDT</CHECKFIELD>
     <PRIMPOS>0001</PRIMPOS>
     <DOMNAME>MANDT</DOMNAME>
     <DATATYPE>CLNT</DATATYPE>
     <LENG>000003</LENG>
    </DD05M>
    <DD05M>
     <FIELDNAME>RBUKRS</FIELDNAME>
     <FORTABLE>ZRFBILA_ALV_DATA_METRA</FORTABLE>
     <FORKEY>RBUKRS</FORKEY>
     <CHECKTABLE>T001</CHECKTABLE>
     <CHECKFIELD>BUKRS</CHECKFIELD>
     <PRIMPOS>0002</PRIMPOS>
     <DOMNAME>BUKRS</DOMNAME>
     <DATATYPE>CHAR</DATATYPE>
     <LENG>000004</LENG>
    </DD05M>
    <DD05M>
     <FIELDNAME>RBUSA</FIELDNAME>
     <FORTABLE>SYST</FORTABLE>
     <FORKEY>MANDT</FORKEY>
     <CHECKTABLE>TGSB</CHECKTABLE>
     <CHECKFIELD>MANDT</CHECKFIELD>
     <PRIMPOS>0001</PRIMPOS>
     <DOMNAME>MANDT</DOMNAME>
     <DATATYPE>CLNT</DATATYPE>
     <LENG>000003</LENG>
    </DD05M>
    <DD05M>
     <FIELDNAME>RBUSA</FIELDNAME>
     <FORTABLE>ZRFBILA_ALV_DATA_METRA</FORTABLE>
     <FORKEY>RBUSA</FORKEY>
     <CHECKTABLE>TGSB</CHECKTABLE>
     <CHECKFIELD>GSBER</CHECKFIELD>
     <PRIMPOS>0002</PRIMPOS>
     <DOMNAME>GSBER</DOMNAME>
     <DATATYPE>CHAR</DATATYPE>
     <LENG>000004</LENG>
    </DD05M>
    <DD05M>
     <FIELDNAME>RLDNR</FIELDNAME>
     <FORTABLE>SYST</FORTABLE>
     <FORKEY>MANDT</FORKEY>
     <CHECKTABLE>T881</CHECKTABLE>
     <CHECKFIELD>MANDT</CHECKFIELD>
     <PRIMPOS>0001</PRIMPOS>
     <DOMNAME>MANDT</DOMNAME>
     <DATATYPE>CLNT</DATATYPE>
     <LENG>000003</LENG>
    </DD05M>
    <DD05M>
     <FIELDNAME>RLDNR</FIELDNAME>
     <FORTABLE>ZRFBILA_ALV_DATA_METRA</FORTABLE>
     <FORKEY>RLDNR</FORKEY>
     <CHECKTABLE>T881</CHECKTABLE>
     <CHECKFIELD>RLDNR</CHECKFIELD>
     <PRIMPOS>0002</PRIMPOS>
     <DOMNAME>RLDNR</DOMNAME>
     <DATATYPE>CHAR</DATATYPE>
     <LENG>000002</LENG>
    </DD05M>
    <DD05M>
     <FIELDNAME>WAERS</FIELDNAME>
     <FORTABLE>SYST</FORTABLE>
     <FORKEY>MANDT</FORKEY>
     <CHECKTABLE>TCURC</CHECKTABLE>
     <CHECKFIELD>MANDT</CHECKFIELD>
     <PRIMPOS>0001</PRIMPOS>
     <DOMNAME>MANDT</DOMNAME>
     <DATATYPE>CLNT</DATATYPE>
     <LENG>000003</LENG>
    </DD05M>
    <DD05M>
     <FIELDNAME>WAERS</FIELDNAME>
     <FORTABLE>ZRFBILA_ALV_DATA_METRA</FORTABLE>
     <FORKEY>WAERS</FORKEY>
     <CHECKTABLE>TCURC</CHECKTABLE>
     <CHECKFIELD>WAERS</CHECKFIELD>
     <PRIMPOS>0002</PRIMPOS>
     <DOMNAME>WAERS</DOMNAME>
     <DATATYPE>CUKY</DATATYPE>
     <LENG>000005</LENG>
    </DD05M>
   </DD05M_TABLE>
   <DD08V_TABLE>
    <DD08V>
     <FIELDNAME>ALTKT</FIELDNAME>
     <CHECKTABLE>SKA1</CHECKTABLE>
    </DD08V>
    <DD08V>
     <FIELDNAME>BILKT</FIELDNAME>
     <CHECKTABLE>SKA1</CHECKTABLE>
    </DD08V>
    <DD08V>
     <FIELDNAME>KKTPL</FIELDNAME>
     <CHECKTABLE>T004</CHECKTABLE>
    </DD08V>
    <DD08V>
     <FIELDNAME>KTOP2</FIELDNAME>
     <CHECKTABLE>T004</CHECKTABLE>
    </DD08V>
    <DD08V>
     <FIELDNAME>KTOPL</FIELDNAME>
     <CHECKTABLE>T004</CHECKTABLE>
    </DD08V>
    <DD08V>
     <FIELDNAME>RACCT</FIELDNAME>
     <CHECKTABLE>SKA1</CHECKTABLE>
    </DD08V>
    <DD08V>
     <FIELDNAME>RBUKRS</FIELDNAME>
     <CHECKTABLE>T001</CHECKTABLE>
    </DD08V>
    <DD08V>
     <FIELDNAME>RBUSA</FIELDNAME>
     <CHECKTABLE>TGSB</CHECKTABLE>
    </DD08V>
    <DD08V>
     <FIELDNAME>RLDNR</FIELDNAME>
     <CHECKTABLE>T881</CHECKTABLE>
    </DD08V>
    <DD08V>
     <FIELDNAME>WAERS</FIELDNAME>
     <CHECKTABLE>TCURC</CHECKTABLE>
    </DD08V>
   </DD08V_TABLE>
  </asx:values>
 </asx:abap>
</abapGit>
