﻿<?xml version="1.0" encoding="utf-8"?>
<abapGit version="v1.0.0" serializer="LCL_OBJECT_DTEL" serializer_version="v1.0.0">
 <asx:abap xmlns:asx="http://www.sap.com/abapxml" version="1.0">
  <asx:values>
   <DD04V>
    <ROLLNAME>ZSTATUS</ROLLNAME>
    <DDLANGUAGE>E</DDLANGUAGE>
    <DOMNAME>CHAR1</DOMNAME>
    <HEADLEN>06</HEADLEN>
    <SCRLEN1>02</SCRLEN1>
    <SCRLEN2>04</SCRLEN2>
    <SCRLEN3>06</SCRLEN3>
    <DDTEXT>Status</DDTEXT>
    <REPTEXT>STATUS</REPTEXT>
    <SCRTEXT_S>ST</SCRTEXT_S>
    <SCRTEXT_M>STAT</SCRTEXT_M>
    <SCRTEXT_L>STATUS</SCRTEXT_L>
    <DTELMASTER>E</DTELMASTER>
    <REFKIND>D</REFKIND>
   </DD04V>
  </asx:values>
 </asx:abap>
</abapGit>
