﻿<?xml version="1.0" encoding="utf-8"?>
<abapGit version="v1.0.0" serializer="LCL_OBJECT_DTEL" serializer_version="v1.0.0">
 <asx:abap xmlns:asx="http://www.sap.com/abapxml" version="1.0">
  <asx:values>
   <DD04V>
    <ROLLNAME>ZSTAT_VF01</ROLLNAME>
    <DDLANGUAGE>E</DDLANGUAGE>
    <HEADLEN>24</HEADLEN>
    <SCRLEN1>10</SCRLEN1>
    <SCRLEN2>19</SCRLEN2>
    <SCRLEN3>24</SCRLEN3>
    <DDTEXT>Document Status Billing(VF01) in Interco</DDTEXT>
    <REPTEXT>Flag Billing Doc (VF01)</REPTEXT>
    <SCRTEXT_S>Bill(VF01)</SCRTEXT_S>
    <SCRTEXT_M>Billing Doc (VF01)</SCRTEXT_M>
    <SCRTEXT_L>Flag Billing Doc (VF01)</SCRTEXT_L>
    <DTELMASTER>E</DTELMASTER>
    <DATATYPE>CHAR</DATATYPE>
    <LENG>000001</LENG>
    <OUTPUTLEN>000001</OUTPUTLEN>
   </DD04V>
  </asx:values>
 </asx:abap>
</abapGit>
