﻿<?xml version="1.0" encoding="utf-8"?>
<abapGit version="v1.0.0" serializer="LCL_OBJECT_DTEL" serializer_version="v1.0.0">
 <asx:abap xmlns:asx="http://www.sap.com/abapxml" version="1.0">
  <asx:values>
   <DD04V>
    <ROLLNAME>ZSTAT_SD</ROLLNAME>
    <DDLANGUAGE>E</DDLANGUAGE>
    <LOGFLAG>X</LOGFLAG>
    <HEADLEN>29</HEADLEN>
    <SCRLEN1>10</SCRLEN1>
    <SCRLEN2>19</SCRLEN2>
    <SCRLEN3>29</SCRLEN3>
    <DDTEXT>Document Status SD in Interco</DDTEXT>
    <REPTEXT>Document Status SD in Interco</REPTEXT>
    <SCRTEXT_S>Stat SD ID</SCRTEXT_S>
    <SCRTEXT_M>Doc Stat SD Intreco</SCRTEXT_M>
    <SCRTEXT_L>Document Status SD in Interco</SCRTEXT_L>
    <APPLCLASS>FB</APPLCLASS>
    <DTELMASTER>E</DTELMASTER>
    <DEFFDNAME>DOC_STATUS</DEFFDNAME>
    <DATATYPE>CHAR</DATATYPE>
    <LENG>000001</LENG>
    <OUTPUTLEN>000001</OUTPUTLEN>
   </DD04V>
  </asx:values>
 </asx:abap>
</abapGit>
