﻿<?xml version="1.0" encoding="utf-8"?>
<abapGit version="v1.0.0" serializer="LCL_OBJECT_DTEL" serializer_version="v1.0.0">
 <asx:abap xmlns:asx="http://www.sap.com/abapxml" version="1.0">
  <asx:values>
   <DD04V>
    <ROLLNAME>ZTIME</ROLLNAME>
    <DDLANGUAGE>E</DDLANGUAGE>
    <DOMNAME>TZNZONE</DOMNAME>
    <SCRLEN1>10</SCRLEN1>
    <SCRLEN3>20</SCRLEN3>
    <DDTEXT>Time</DDTEXT>
    <SCRTEXT_S>Time</SCRTEXT_S>
    <SCRTEXT_L>Time</SCRTEXT_L>
    <DTELMASTER>E</DTELMASTER>
    <REFKIND>D</REFKIND>
   </DD04V>
  </asx:values>
 </asx:abap>
</abapGit>
