﻿<?xml version="1.0" encoding="utf-8"?>
<abapGit version="v1.0.0" serializer="LCL_OBJECT_DTEL" serializer_version="v1.0.0">
 <asx:abap xmlns:asx="http://www.sap.com/abapxml" version="1.0">
  <asx:values>
   <DD04V>
    <ROLLNAME>ZUNAME</ROLLNAME>
    <DDLANGUAGE>E</DDLANGUAGE>
    <DOMNAME>ZUNAME</DOMNAME>
    <HEADLEN>22</HEADLEN>
    <SCRLEN1>10</SCRLEN1>
    <SCRLEN2>20</SCRLEN2>
    <SCRLEN3>22</SCRLEN3>
    <DDTEXT>Data Element For Bname</DDTEXT>
    <REPTEXT>Data Element For Bname</REPTEXT>
    <SCRTEXT_S>Data Eleme</SCRTEXT_S>
    <SCRTEXT_M>Data Element For Bna</SCRTEXT_M>
    <SCRTEXT_L>Data Element For Bname</SCRTEXT_L>
    <DTELMASTER>E</DTELMASTER>
    <REFKIND>D</REFKIND>
   </DD04V>
  </asx:values>
 </asx:abap>
</abapGit>
