﻿<?xml version="1.0" encoding="utf-8"?>
<abapGit version="v1.0.0" serializer="LCL_OBJECT_DTEL" serializer_version="v1.0.0">
 <asx:abap xmlns:asx="http://www.sap.com/abapxml" version="1.0">
  <asx:values>
   <DD04V>
    <ROLLNAME>ZUONR</ROLLNAME>
    <DDLANGUAGE>E</DDLANGUAGE>
    <DOMNAME>CHAR18</DOMNAME>
    <HEADLEN>10</HEADLEN>
    <SCRLEN1>04</SCRLEN1>
    <SCRLEN2>05</SCRLEN2>
    <SCRLEN3>10</SCRLEN3>
    <DDTEXT>Assignment</DDTEXT>
    <REPTEXT>Assignment</REPTEXT>
    <SCRTEXT_S>Assg</SCRTEXT_S>
    <SCRTEXT_M>Assgn</SCRTEXT_M>
    <SCRTEXT_L>Assignment</SCRTEXT_L>
    <DTELMASTER>E</DTELMASTER>
    <REFKIND>D</REFKIND>
   </DD04V>
  </asx:values>
 </asx:abap>
</abapGit>
