﻿<?xml version="1.0" encoding="utf-8"?>
<abapGit version="v1.0.0" serializer="LCL_OBJECT_DTEL" serializer_version="v1.0.0">
 <asx:abap xmlns:asx="http://www.sap.com/abapxml" version="1.0">
  <asx:values>
   <DD04V>
    <ROLLNAME>ZURUT_PERSH</ROLLNAME>
    <DDLANGUAGE>E</DDLANGUAGE>
    <DOMNAME>NUM3</DOMNAME>
    <HEADLEN>20</HEADLEN>
    <SCRLEN1>10</SCRLEN1>
    <SCRLEN2>15</SCRLEN2>
    <SCRLEN3>20</SCRLEN3>
    <DDTEXT>Nomor urut Company Code</DDTEXT>
    <REPTEXT>No. Urut Cocd</REPTEXT>
    <SCRTEXT_S>no. Cocd</SCRTEXT_S>
    <SCRTEXT_M>No. Urut Cocd</SCRTEXT_M>
    <SCRTEXT_L>No. Urut Cocd</SCRTEXT_L>
    <DTELMASTER>E</DTELMASTER>
    <REFKIND>D</REFKIND>
   </DD04V>
  </asx:values>
 </asx:abap>
</abapGit>
