﻿<?xml version="1.0" encoding="utf-8"?>
<abapGit version="v1.0.0" serializer="LCL_OBJECT_VCLS" serializer_version="v1.0.0">
 <asx:abap xmlns:asx="http://www.sap.com/abapxml" version="1.0">
  <asx:values>
   <VCLDIR>
    <VCLNAME>ZVC_INTERCO</VCLNAME>
    <TEXT>Intercompany</TEXT>
   </VCLDIR>
   <VLCSTRUC_TAB>
    <V_VCLSTRUC>
     <VCLNAME>ZVC_INTERCO</VCLNAME>
     <OBJECT>ZINTER013</OBJECT>
     <OBJECTTEXT>RFC Connection</OBJECTTEXT>
     <PREDOBJECT>ZINTER013</PREDOBJECT>
     <DEPENDENCY>R</DEPENDENCY>
     <OBJPOS>01</OBJPOS>
     <OBJLEVEL>01</OBJLEVEL>
     <STARTOBJ>X</STARTOBJ>
    </V_VCLSTRUC>
    <V_VCLSTRUC>
     <VCLNAME>ZVC_INTERCO</VCLNAME>
     <OBJECT>ZINTER003</OBJECT>
     <OBJECTTEXT>Mapping AR, AP Interco</OBJECTTEXT>
     <PREDOBJECT>ZINTER003</PREDOBJECT>
     <DEPENDENCY>R</DEPENDENCY>
     <OBJPOS>02</OBJPOS>
     <OBJLEVEL>01</OBJLEVEL>
    </V_VCLSTRUC>
    <V_VCLSTRUC>
     <VCLNAME>ZVC_INTERCO</VCLNAME>
     <OBJECT>ZINTER010</OBJECT>
     <OBJECTTEXT>Reference Trems Acct</OBJECTTEXT>
     <PREDOBJECT>ZINTER010</PREDOBJECT>
     <DEPENDENCY>R</DEPENDENCY>
     <OBJPOS>03</OBJPOS>
     <OBJLEVEL>01</OBJLEVEL>
    </V_VCLSTRUC>
    <V_VCLSTRUC>
     <VCLNAME>ZVC_INTERCO</VCLNAME>
     <OBJECT>ZINTER008</OBJECT>
     <OBJECTTEXT>Mapping TREMS</OBJECTTEXT>
     <PREDOBJECT>ZINTER008</PREDOBJECT>
     <DEPENDENCY>R</DEPENDENCY>
     <OBJPOS>04</OBJPOS>
     <OBJLEVEL>01</OBJLEVEL>
    </V_VCLSTRUC>
    <V_VCLSTRUC>
     <VCLNAME>ZVC_INTERCO</VCLNAME>
     <OBJECT>ZINTER005</OBJECT>
     <OBJECTTEXT>Tcode, TrdPrt Bypass Exit</OBJECTTEXT>
     <PREDOBJECT>ZINTER005</PREDOBJECT>
     <DEPENDENCY>R</DEPENDENCY>
     <OBJPOS>05</OBJPOS>
     <OBJLEVEL>01</OBJLEVEL>
    </V_VCLSTRUC>
    <V_VCLSTRUC>
     <VCLNAME>ZVC_INTERCO</VCLNAME>
     <OBJECT>ZINTER006</OBJECT>
     <OBJECTTEXT>Validation</OBJECTTEXT>
     <PREDOBJECT>ZINTER006</PREDOBJECT>
     <DEPENDENCY>R</DEPENDENCY>
     <OBJPOS>06</OBJPOS>
     <OBJLEVEL>01</OBJLEVEL>
    </V_VCLSTRUC>
    <V_VCLSTRUC>
     <VCLNAME>ZVC_INTERCO</VCLNAME>
     <OBJECT>ZINTER009</OBJECT>
     <OBJECTTEXT>ByPass PO</OBJECTTEXT>
     <PREDOBJECT>ZINTER009</PREDOBJECT>
     <DEPENDENCY>R</DEPENDENCY>
     <OBJPOS>07</OBJPOS>
     <OBJLEVEL>01</OBJLEVEL>
    </V_VCLSTRUC>
    <V_VCLSTRUC>
     <VCLNAME>ZVC_INTERCO</VCLNAME>
     <OBJECT>ZINTER012</OBJECT>
     <OBJECTTEXT>Email Interco</OBJECTTEXT>
     <PREDOBJECT>ZINTER012</PREDOBJECT>
     <DEPENDENCY>R</DEPENDENCY>
     <OBJPOS>08</OBJPOS>
     <OBJLEVEL>01</OBJLEVEL>
    </V_VCLSTRUC>
   </VLCSTRUC_TAB>
   <VCLSTRUDEP_TAB>
    <V_VCLSTDEP>
     <VCLNAME>ZVC_INTERCO</VCLNAME>
     <OBJECT>ZINTER003</OBJECT>
     <PREDOBJECT>ZINTER003</PREDOBJECT>
    </V_VCLSTDEP>
    <V_VCLSTDEP>
     <VCLNAME>ZVC_INTERCO</VCLNAME>
     <OBJECT>ZINTER005</OBJECT>
     <PREDOBJECT>ZINTER005</PREDOBJECT>
    </V_VCLSTDEP>
    <V_VCLSTDEP>
     <VCLNAME>ZVC_INTERCO</VCLNAME>
     <OBJECT>ZINTER006</OBJECT>
     <PREDOBJECT>ZINTER006</PREDOBJECT>
    </V_VCLSTDEP>
    <V_VCLSTDEP>
     <VCLNAME>ZVC_INTERCO</VCLNAME>
     <OBJECT>ZINTER008</OBJECT>
     <PREDOBJECT>ZINTER008</PREDOBJECT>
    </V_VCLSTDEP>
    <V_VCLSTDEP>
     <VCLNAME>ZVC_INTERCO</VCLNAME>
     <OBJECT>ZINTER009</OBJECT>
     <PREDOBJECT>ZINTER009</PREDOBJECT>
    </V_VCLSTDEP>
    <V_VCLSTDEP>
     <VCLNAME>ZVC_INTERCO</VCLNAME>
     <OBJECT>ZINTER010</OBJECT>
     <PREDOBJECT>ZINTER010</PREDOBJECT>
    </V_VCLSTDEP>
    <V_VCLSTDEP>
     <VCLNAME>ZVC_INTERCO</VCLNAME>
     <OBJECT>ZINTER012</OBJECT>
     <PREDOBJECT>ZINTER012</PREDOBJECT>
    </V_VCLSTDEP>
    <V_VCLSTDEP>
     <VCLNAME>ZVC_INTERCO</VCLNAME>
     <OBJECT>ZINTER013</OBJECT>
     <PREDOBJECT>ZINTER013</PREDOBJECT>
    </V_VCLSTDEP>
   </VCLSTRUDEP_TAB>
  </asx:values>
 </asx:abap>
</abapGit>
