﻿<?xml version="1.0" encoding="utf-8"?>
<abapGit version="v1.0.0" serializer="LCL_OBJECT_DTEL" serializer_version="v1.0.0">
 <asx:abap xmlns:asx="http://www.sap.com/abapxml" version="1.0">
  <asx:values>
   <DD04V>
    <ROLLNAME>ZWRBTR_TB</ROLLNAME>
    <DDLANGUAGE>E</DDLANGUAGE>
    <DOMNAME>WERTV9</DOMNAME>
    <LOGFLAG>X</LOGFLAG>
    <HEADLEN>25</HEADLEN>
    <SCRLEN1>10</SCRLEN1>
    <SCRLEN2>15</SCRLEN2>
    <SCRLEN3>25</SCRLEN3>
    <DDTEXT>Accumulated balance as of fiscal month end</DDTEXT>
    <REPTEXT>Accum. bal. as of  TB</REPTEXT>
    <SCRTEXT_S>Acc.bal.TB</SCRTEXT_S>
    <SCRTEXT_M>Acc bal.  (TB)</SCRTEXT_M>
    <SCRTEXT_L>Accum. bal. as of  TB</SCRTEXT_L>
    <DTELMASTER>E</DTELMASTER>
    <DEFFDNAME>VAL_LOCCURR</DEFFDNAME>
    <REFKIND>D</REFKIND>
   </DD04V>
  </asx:values>
 </asx:abap>
</abapGit>
