﻿<?xml version="1.0" encoding="utf-8"?>
<abapGit version="v1.0.0" serializer="LCL_OBJECT_DTEL" serializer_version="v1.0.0">
 <asx:abap xmlns:asx="http://www.sap.com/abapxml" version="1.0">
  <asx:values>
   <DD04V>
    <ROLLNAME>ZWRBTR_CR</ROLLNAME>
    <DDLANGUAGE>E</DDLANGUAGE>
    <DOMNAME>WERTV9</DOMNAME>
    <HEADLEN>20</HEADLEN>
    <SCRLEN1>18</SCRLEN1>
    <SCRLEN2>20</SCRLEN2>
    <SCRLEN3>20</SCRLEN3>
    <DDTEXT>Total of the Credit  Postings for the Month</DDTEXT>
    <REPTEXT>Credit</REPTEXT>
    <SCRTEXT_S>Credit</SCRTEXT_S>
    <SCRTEXT_M>Credit</SCRTEXT_M>
    <SCRTEXT_L>Credit</SCRTEXT_L>
    <DTELMASTER>E</DTELMASTER>
    <REFKIND>D</REFKIND>
   </DD04V>
  </asx:values>
 </asx:abap>
</abapGit>
